chemin,objet_id
https://cdn-images-1.medium.com/max/299/1*uBU1TJX0fJP9fBaNXeSJrw.jpeg,359
https://ustream.tv/bibendum/morbi/non/quam/nec/dui/luctus.jpg?penatibus=in&et=hac&magnis=habitasse&dis=platea&parturient=dictumst&montes=morbi&nascetur=vestibulum&ridiculus=velit&mus=id&etiam=pretium&vel=iaculis&augue=diam&vestibulum=erat&rutrum=fermentum&rutrum=justo&neque=nec&aenean=condimentum&auctor=neque&gravida=sapien&sem=placerat&praesent=ante&id=nulla&massa=justo&id=aliquam&nisl=quis&venenatis=turpis&lacinia=eget&aenean=elit&sit=sodales&amet=scelerisque&justo=mauris&morbi=sit&ut=amet&odio=eros&cras=suspendisse&mi=accumsan&pede=tortor&malesuada=quis&in=turpis&imperdiet=sed&et=ante&commodo=vivamus&vulputate=tortor&justo=duis&in=mattis&blandit=egestas&ultrices=metus&enim=aenean&lorem=fermentum&ipsum=donec&dolor=ut&sit=mauris&amet=eget&consectetuer=massa&adipiscing=tempor&elit=convallis&proin=nulla&interdum=neque&mauris=libero&non=convallis&ligula=eget,292
https://unc.edu/urna/pretium.xml?quam=maecenas&fringilla=ut&rhoncus=massa&mauris=quis&enim=augue&leo=luctus&rhoncus=tincidunt&sed=nulla&vestibulum=mollis&sit=molestie&amet=lorem&cursus=quisque&id=ut&turpis=erat&integer=curabitur&aliquet=gravida&massa=nisi&id=at&lobortis=nibh&convallis=in&tortor=hac&risus=habitasse&dapibus=platea&augue=dictumst&vel=aliquam&accumsan=augue&tellus=quam&nisi=sollicitudin&eu=vitae&orci=consectetuer&mauris=eget&lacinia=rutrum&sapien=at&quis=lorem&libero=integer&nullam=tincidunt&sit=ante&amet=vel&turpis=ipsum&elementum=praesent&ligula=blandit&vehicula=lacinia&consequat=erat&morbi=vestibulum&a=sed&ipsum=magna&integer=at&a=nunc&nibh=commodo&in=placerat&quis=praesent&justo=blandit&maecenas=nam&rhoncus=nulla&aliquam=integer&lacus=pede&morbi=justo&quis=lacinia&tortor=eget&id=tincidunt&nulla=eget&ultrices=tempus&aliquet=vel&maecenas=pede&leo=morbi&odio=porttitor&condimentum=lorem&id=id&luctus=ligula,261
http://miitbeian.gov.cn/placerat/ante/nulla/justo.jsp?feugiat=felis&et=sed&eros=lacus&vestibulum=morbi&ac=sem&est=mauris&lacinia=laoreet&nisi=ut&venenatis=rhoncus&tristique=aliquet&fusce=pulvinar&congue=sed&diam=nisl&id=nunc&ornare=rhoncus&imperdiet=dui&sapien=vel&urna=sem&pretium=sed&nisl=sagittis&ut=nam&volutpat=congue&sapien=risus&arcu=semper&sed=porta&augue=volutpat&aliquam=quam&erat=pede&volutpat=lobortis&in=ligula&congue=sit&etiam=amet&justo=eleifend&etiam=pede&pretium=libero&iaculis=quis&justo=orci&in=nullam&hac=molestie&habitasse=nibh&platea=in&dictumst=lectus&etiam=pellentesque&faucibus=at&cursus=nulla&urna=suspendisse&ut=potenti&tellus=cras&nulla=in&ut=purus&erat=eu&id=magna&mauris=vulputate&vulputate=luctus&elementum=cum&nullam=sociis&varius=natoque&nulla=penatibus&facilisi=et&cras=magnis&non=dis&velit=parturient&nec=montes&nisi=nascetur&vulputate=ridiculus,205
https://apple.com/pede/justo/lacinia/eget/tincidunt/eget.jsp?at=aliquam&nulla=non&suspendisse=mauris&potenti=morbi&cras=non&in=lectus&purus=aliquam&eu=sit&magna=amet&vulputate=diam&luctus=in&cum=magna&sociis=bibendum&natoque=imperdiet&penatibus=nullam&et=orci&magnis=pede&dis=venenatis&parturient=non&montes=sodales&nascetur=sed&ridiculus=tincidunt&mus=eu&vivamus=felis&vestibulum=fusce&sagittis=posuere&sapien=felis&cum=sed&sociis=lacus&natoque=morbi&penatibus=sem&et=mauris&magnis=laoreet&dis=ut&parturient=rhoncus&montes=aliquet&nascetur=pulvinar&ridiculus=sed&mus=nisl&etiam=nunc&vel=rhoncus,277
https://wiley.com/viverra/diam/vitae.aspx?volutpat=nulla&eleifend=tellus&donec=in&ut=sagittis&dolor=dui&morbi=vel&vel=nisl&lectus=duis&in=ac&quam=nibh&fringilla=fusce&rhoncus=lacus&mauris=purus&enim=aliquet&leo=at&rhoncus=feugiat&sed=non&vestibulum=pretium&sit=quis&amet=lectus&cursus=suspendisse&id=potenti&turpis=in&integer=eleifend&aliquet=quam&massa=a&id=odio&lobortis=in&convallis=hac&tortor=habitasse&risus=platea&dapibus=dictumst&augue=maecenas&vel=ut&accumsan=massa&tellus=quis&nisi=augue&eu=luctus&orci=tincidunt&mauris=nulla&lacinia=mollis&sapien=molestie&quis=lorem&libero=quisque&nullam=ut&sit=erat&amet=curabitur&turpis=gravida&elementum=nisi&ligula=at&vehicula=nibh&consequat=in&morbi=hac&a=habitasse&ipsum=platea&integer=dictumst&a=aliquam&nibh=augue&in=quam&quis=sollicitudin&justo=vitae&maecenas=consectetuer&rhoncus=eget&aliquam=rutrum&lacus=at&morbi=lorem&quis=integer,261
http://netlog.com/morbi/non/quam/nec/dui/luctus/rutrum.jsp?faucibus=diam&cursus=cras&urna=pellentesque&ut=volutpat&tellus=dui&nulla=maecenas&ut=tristique&erat=est&id=et&mauris=tempus&vulputate=semper&elementum=est&nullam=quam&varius=pharetra&nulla=magna&facilisi=ac&cras=consequat&non=metus&velit=sapien&nec=ut&nisi=nunc&vulputate=vestibulum&nonummy=ante&maecenas=ipsum&tincidunt=primis&lacus=in&at=faucibus&velit=orci&vivamus=luctus&vel=et&nulla=ultrices&eget=posuere&eros=cubilia&elementum=curae&pellentesque=mauris&quisque=viverra&porta=diam&volutpat=vitae&erat=quam&quisque=suspendisse&erat=potenti&eros=nullam&viverra=porttitor&eget=lacus&congue=at&eget=turpis&semper=donec&rutrum=posuere&nulla=metus&nunc=vitae&purus=ipsum&phasellus=aliquam&in=non&felis=mauris&donec=morbi&semper=non&sapien=lectus&a=aliquam&libero=sit&nam=amet&dui=diam&proin=in&leo=magna&odio=bibendum,166
http://free.fr/tincidunt/ante/vel/ipsum/praesent.png?et=molestie&eros=hendrerit&vestibulum=at&ac=vulputate&est=vitae&lacinia=nisl&nisi=aenean&venenatis=lectus&tristique=pellentesque&fusce=eget&congue=nunc&diam=donec&id=quis&ornare=orci&imperdiet=eget&sapien=orci&urna=vehicula&pretium=condimentum&nisl=curabitur&ut=in&volutpat=libero&sapien=ut&arcu=massa&sed=volutpat&augue=convallis&aliquam=morbi&erat=odio&volutpat=odio&in=elementum&congue=eu&etiam=interdum&justo=eu&etiam=tincidunt&pretium=in&iaculis=leo&justo=maecenas&in=pulvinar&hac=lobortis&habitasse=est&platea=phasellus&dictumst=sit&etiam=amet&faucibus=erat&cursus=nulla&urna=tempus&ut=vivamus&tellus=in&nulla=felis&ut=eu&erat=sapien&id=cursus&mauris=vestibulum&vulputate=proin&elementum=eu&nullam=mi&varius=nulla&nulla=ac&facilisi=enim&cras=in&non=tempor&velit=turpis&nec=nec&nisi=euismod&vulputate=scelerisque&nonummy=quam&maecenas=turpis&tincidunt=adipiscing&lacus=lorem&at=vitae&velit=mattis&vivamus=nibh&vel=ligula&nulla=nec&eget=sem&eros=duis&elementum=aliquam&pellentesque=convallis&quisque=nunc&porta=proin&volutpat=at&erat=turpis&quisque=a&erat=pede&eros=posuere&viverra=nonummy&eget=integer,146
http://craigslist.org/nulla/ut/erat/id/mauris/vulputate.jpg?potenti=pede&cras=libero&in=quis&purus=orci&eu=nullam&magna=molestie&vulputate=nibh&luctus=in&cum=lectus&sociis=pellentesque&natoque=at&penatibus=nulla&et=suspendisse&magnis=potenti&dis=cras&parturient=in&montes=purus&nascetur=eu&ridiculus=magna&mus=vulputate&vivamus=luctus&vestibulum=cum&sagittis=sociis&sapien=natoque&cum=penatibus&sociis=et&natoque=magnis&penatibus=dis&et=parturient&magnis=montes&dis=nascetur&parturient=ridiculus&montes=mus&nascetur=vivamus&ridiculus=vestibulum&mus=sagittis&etiam=sapien&vel=cum&augue=sociis&vestibulum=natoque&rutrum=penatibus&rutrum=et&neque=magnis&aenean=dis&auctor=parturient&gravida=montes&sem=nascetur&praesent=ridiculus&id=mus&massa=etiam&id=vel&nisl=augue&venenatis=vestibulum&lacinia=rutrum&aenean=rutrum&sit=neque&amet=aenean&justo=auctor&morbi=gravida&ut=sem&odio=praesent&cras=id&mi=massa&pede=id&malesuada=nisl,247
https://ovh.net/pharetra/magna/ac/consequat/metus/sapien.png?proin=vitae&eu=quam&mi=suspendisse&nulla=potenti&ac=nullam&enim=porttitor&in=lacus&tempor=at&turpis=turpis&nec=donec&euismod=posuere&scelerisque=metus&quam=vitae&turpis=ipsum&adipiscing=aliquam&lorem=non&vitae=mauris&mattis=morbi&nibh=non&ligula=lectus&nec=aliquam&sem=sit&duis=amet&aliquam=diam&convallis=in&nunc=magna&proin=bibendum&at=imperdiet&turpis=nullam&a=orci&pede=pede&posuere=venenatis&nonummy=non&integer=sodales&non=sed&velit=tincidunt&donec=eu&diam=felis&neque=fusce&vestibulum=posuere&eget=felis&vulputate=sed&ut=lacus&ultrices=morbi&vel=sem&augue=mauris&vestibulum=laoreet&ante=ut&ipsum=rhoncus&primis=aliquet&in=pulvinar&faucibus=sed&orci=nisl&luctus=nunc&et=rhoncus&ultrices=dui&posuere=vel&cubilia=sem&curae=sed&donec=sagittis&pharetra=nam&magna=congue&vestibulum=risus&aliquet=semper&ultrices=porta&erat=volutpat&tortor=quam&sollicitudin=pede&mi=lobortis&sit=ligula&amet=sit&lobortis=amet&sapien=eleifend&sapien=pede&non=libero&mi=quis&integer=orci&ac=nullam&neque=molestie&duis=nibh&bibendum=in&morbi=lectus&non=pellentesque&quam=at&nec=nulla&dui=suspendisse&luctus=potenti&rutrum=cras&nulla=in&tellus=purus&in=eu&sagittis=magna&dui=vulputate&vel=luctus&nisl=cum,168
https://nyu.edu/sapien/cursus.png?sem=luctus&mauris=ultricies&laoreet=eu&ut=nibh&rhoncus=quisque&aliquet=id&pulvinar=justo&sed=sit&nisl=amet&nunc=sapien&rhoncus=dignissim&dui=vestibulum&vel=vestibulum&sem=ante&sed=ipsum&sagittis=primis&nam=in&congue=faucibus&risus=orci&semper=luctus&porta=et&volutpat=ultrices&quam=posuere&pede=cubilia&lobortis=curae&ligula=nulla&sit=dapibus&amet=dolor&eleifend=vel&pede=est&libero=donec&quis=odio&orci=justo&nullam=sollicitudin&molestie=ut&nibh=suscipit&in=a&lectus=feugiat&pellentesque=et&at=eros&nulla=vestibulum&suspendisse=ac&potenti=est&cras=lacinia&in=nisi&purus=venenatis&eu=tristique&magna=fusce&vulputate=congue&luctus=diam&cum=id&sociis=ornare&natoque=imperdiet&penatibus=sapien&et=urna&magnis=pretium&dis=nisl&parturient=ut&montes=volutpat&nascetur=sapien&ridiculus=arcu&mus=sed&vivamus=augue&vestibulum=aliquam&sagittis=erat&sapien=volutpat&cum=in&sociis=congue&natoque=etiam&penatibus=justo&et=etiam&magnis=pretium&dis=iaculis&parturient=justo,288
http://phpbb.com/ut.aspx?condimentum=aliquam&curabitur=quis&in=turpis&libero=eget&ut=elit&massa=sodales&volutpat=scelerisque&convallis=mauris&morbi=sit&odio=amet&odio=eros&elementum=suspendisse&eu=accumsan&interdum=tortor&eu=quis&tincidunt=turpis&in=sed&leo=ante&maecenas=vivamus&pulvinar=tortor&lobortis=duis&est=mattis&phasellus=egestas&sit=metus&amet=aenean&erat=fermentum&nulla=donec&tempus=ut&vivamus=mauris&in=eget&felis=massa&eu=tempor&sapien=convallis&cursus=nulla&vestibulum=neque&proin=libero&eu=convallis&mi=eget&nulla=eleifend&ac=luctus&enim=ultricies&in=eu&tempor=nibh&turpis=quisque&nec=id&euismod=justo&scelerisque=sit&quam=amet&turpis=sapien&adipiscing=dignissim&lorem=vestibulum&vitae=vestibulum&mattis=ante&nibh=ipsum&ligula=primis&nec=in&sem=faucibus&duis=orci,265
https://sohu.com/duis.aspx?sit=aliquet&amet=maecenas&diam=leo&in=odio&magna=condimentum&bibendum=id&imperdiet=luctus&nullam=nec&orci=molestie&pede=sed&venenatis=justo&non=pellentesque&sodales=viverra&sed=pede&tincidunt=ac&eu=diam&felis=cras&fusce=pellentesque&posuere=volutpat&felis=dui&sed=maecenas&lacus=tristique&morbi=est&sem=et&mauris=tempus&laoreet=semper&ut=est&rhoncus=quam&aliquet=pharetra&pulvinar=magna&sed=ac&nisl=consequat&nunc=metus&rhoncus=sapien&dui=ut&vel=nunc&sem=vestibulum&sed=ante&sagittis=ipsum&nam=primis&congue=in&risus=faucibus&semper=orci&porta=luctus&volutpat=et&quam=ultrices&pede=posuere&lobortis=cubilia&ligula=curae&sit=mauris&amet=viverra&eleifend=diam&pede=vitae&libero=quam&quis=suspendisse&orci=potenti&nullam=nullam&molestie=porttitor&nibh=lacus&in=at&lectus=turpis&pellentesque=donec&at=posuere&nulla=metus&suspendisse=vitae,168
http://fema.gov/felis/sed/interdum/venenatis.html?nisi=vestibulum&eu=ante&orci=ipsum&mauris=primis&lacinia=in&sapien=faucibus&quis=orci&libero=luctus&nullam=et&sit=ultrices&amet=posuere&turpis=cubilia&elementum=curae&ligula=nulla&vehicula=dapibus&consequat=dolor&morbi=vel&a=est&ipsum=donec&integer=odio&a=justo&nibh=sollicitudin&in=ut&quis=suscipit&justo=a&maecenas=feugiat&rhoncus=et&aliquam=eros&lacus=vestibulum&morbi=ac&quis=est&tortor=lacinia&id=nisi&nulla=venenatis&ultrices=tristique&aliquet=fusce&maecenas=congue&leo=diam&odio=id&condimentum=ornare&id=imperdiet&luctus=sapien&nec=urna&molestie=pretium&sed=nisl&justo=ut&pellentesque=volutpat&viverra=sapien&pede=arcu&ac=sed&diam=augue&cras=aliquam&pellentesque=erat&volutpat=volutpat&dui=in&maecenas=congue&tristique=etiam&est=justo&et=etiam&tempus=pretium&semper=iaculis&est=justo&quam=in&pharetra=hac&magna=habitasse&ac=platea&consequat=dictumst&metus=etiam&sapien=faucibus&ut=cursus&nunc=urna&vestibulum=ut&ante=tellus&ipsum=nulla&primis=ut&in=erat&faucibus=id&orci=mauris&luctus=vulputate&et=elementum&ultrices=nullam&posuere=varius&cubilia=nulla&curae=facilisi&mauris=cras&viverra=non&diam=velit&vitae=nec&quam=nisi,204
https://nsw.gov.au/convallis/eget.png?nisl=in&duis=lectus&ac=pellentesque&nibh=at&fusce=nulla&lacus=suspendisse&purus=potenti&aliquet=cras&at=in&feugiat=purus&non=eu&pretium=magna&quis=vulputate&lectus=luctus&suspendisse=cum&potenti=sociis&in=natoque&eleifend=penatibus&quam=et&a=magnis&odio=dis&in=parturient&hac=montes&habitasse=nascetur,126
https://furl.net/id/luctus.aspx?faucibus=purus&orci=aliquet&luctus=at&et=feugiat&ultrices=non&posuere=pretium&cubilia=quis&curae=lectus&duis=suspendisse&faucibus=potenti&accumsan=in&odio=eleifend&curabitur=quam&convallis=a&duis=odio,283
https://state.tx.us/curae/mauris/viverra/diam/vitae/quam/suspendisse.png?enim=cursus&leo=vestibulum&rhoncus=proin&sed=eu&vestibulum=mi&sit=nulla&amet=ac&cursus=enim&id=in&turpis=tempor&integer=turpis&aliquet=nec&massa=euismod&id=scelerisque&lobortis=quam&convallis=turpis&tortor=adipiscing&risus=lorem&dapibus=vitae&augue=mattis&vel=nibh&accumsan=ligula&tellus=nec&nisi=sem&eu=duis&orci=aliquam&mauris=convallis&lacinia=nunc&sapien=proin&quis=at&libero=turpis&nullam=a&sit=pede&amet=posuere&turpis=nonummy&elementum=integer&ligula=non&vehicula=velit&consequat=donec&morbi=diam&a=neque&ipsum=vestibulum&integer=eget&a=vulputate&nibh=ut&in=ultrices&quis=vel&justo=augue&maecenas=vestibulum&rhoncus=ante&aliquam=ipsum&lacus=primis&morbi=in&quis=faucibus&tortor=orci&id=luctus&nulla=et&ultrices=ultrices&aliquet=posuere&maecenas=cubilia&leo=curae&odio=donec&condimentum=pharetra&id=magna&luctus=vestibulum&nec=aliquet&molestie=ultrices&sed=erat&justo=tortor&pellentesque=sollicitudin&viverra=mi&pede=sit&ac=amet&diam=lobortis&cras=sapien&pellentesque=sapien&volutpat=non&dui=mi&maecenas=integer&tristique=ac&est=neque&et=duis&tempus=bibendum&semper=morbi&est=non&quam=quam&pharetra=nec&magna=dui&ac=luctus&consequat=rutrum&metus=nulla&sapien=tellus&ut=in&nunc=sagittis&vestibulum=dui&ante=vel&ipsum=nisl&primis=duis&in=ac,293
http://tripadvisor.com/curabitur/in/libero/ut/massa/volutpat.jpg?iaculis=curabitur,157
http://ed.gov/sed/lacus/morbi/sem/mauris/laoreet/ut.js?sem=sit&praesent=amet&id=eros&massa=suspendisse&id=accumsan&nisl=tortor&venenatis=quis,222
http://addtoany.com/vulputate/nonummy.xml?tincidunt=dui&eu=proin&felis=leo&fusce=odio&posuere=porttitor&felis=id,234
http://springer.com/proin.aspx?convallis=a&eget=feugiat&eleifend=et&luctus=eros&ultricies=vestibulum&eu=ac&nibh=est&quisque=lacinia&id=nisi&justo=venenatis&sit=tristique&amet=fusce&sapien=congue&dignissim=diam&vestibulum=id&vestibulum=ornare&ante=imperdiet&ipsum=sapien&primis=urna&in=pretium&faucibus=nisl&orci=ut&luctus=volutpat&et=sapien&ultrices=arcu&posuere=sed&cubilia=augue&curae=aliquam&nulla=erat&dapibus=volutpat&dolor=in&vel=congue&est=etiam&donec=justo&odio=etiam&justo=pretium&sollicitudin=iaculis&ut=justo&suscipit=in&a=hac&feugiat=habitasse&et=platea&eros=dictumst&vestibulum=etiam&ac=faucibus&est=cursus&lacinia=urna&nisi=ut&venenatis=tellus&tristique=nulla&fusce=ut&congue=erat&diam=id&id=mauris&ornare=vulputate&imperdiet=elementum&sapien=nullam&urna=varius&pretium=nulla&nisl=facilisi&ut=cras&volutpat=non&sapien=velit&arcu=nec&sed=nisi&augue=vulputate&aliquam=nonummy&erat=maecenas&volutpat=tincidunt&in=lacus&congue=at&etiam=velit&justo=vivamus&etiam=vel&pretium=nulla&iaculis=eget&justo=eros&in=elementum&hac=pellentesque&habitasse=quisque&platea=porta&dictumst=volutpat&etiam=erat&faucibus=quisque&cursus=erat&urna=eros&ut=viverra&tellus=eget&nulla=congue&ut=eget&erat=semper&id=rutrum,68
https://goo.gl/pede/libero/quis/orci/nullam/molestie/nibh.aspx?est=vel&et=nulla&tempus=eget&semper=eros&est=elementum&quam=pellentesque&pharetra=quisque&magna=porta&ac=volutpat&consequat=erat&metus=quisque&sapien=erat&ut=eros&nunc=viverra&vestibulum=eget&ante=congue&ipsum=eget&primis=semper&in=rutrum&faucibus=nulla&orci=nunc&luctus=purus&et=phasellus&ultrices=in&posuere=felis&cubilia=donec&curae=semper&mauris=sapien&viverra=a&diam=libero,261
https://wix.com/at/turpis.html?odio=tempus&in=semper&hac=est&habitasse=quam&platea=pharetra&dictumst=magna&maecenas=ac&ut=consequat&massa=metus&quis=sapien&augue=ut&luctus=nunc&tincidunt=vestibulum&nulla=ante&mollis=ipsum&molestie=primis&lorem=in&quisque=faucibus&ut=orci&erat=luctus&curabitur=et&gravida=ultrices&nisi=posuere&at=cubilia&nibh=curae&in=mauris&hac=viverra&habitasse=diam&platea=vitae&dictumst=quam&aliquam=suspendisse&augue=potenti&quam=nullam&sollicitudin=porttitor&vitae=lacus&consectetuer=at&eget=turpis&rutrum=donec&at=posuere&lorem=metus&integer=vitae&tincidunt=ipsum&ante=aliquam&vel=non&ipsum=mauris&praesent=morbi&blandit=non&lacinia=lectus&erat=aliquam&vestibulum=sit&sed=amet&magna=diam&at=in&nunc=magna&commodo=bibendum&placerat=imperdiet&praesent=nullam&blandit=orci&nam=pede&nulla=venenatis&integer=non&pede=sodales&justo=sed&lacinia=tincidunt&eget=eu&tincidunt=felis&eget=fusce&tempus=posuere&vel=felis&pede=sed&morbi=lacus&porttitor=morbi&lorem=sem&id=mauris&ligula=laoreet&suspendisse=ut&ornare=rhoncus&consequat=aliquet&lectus=pulvinar&in=sed&est=nisl&risus=nunc&auctor=rhoncus&sed=dui&tristique=vel&in=sem&tempus=sed&sit=sagittis&amet=nam&sem=congue&fusce=risus&consequat=semper&nulla=porta&nisl=volutpat&nunc=quam&nisl=pede&duis=lobortis&bibendum=ligula,148
http://sbwire.com/et/magnis/dis/parturient/montes/nascetur/ridiculus.jpg?faucibus=justo&orci=maecenas&luctus=rhoncus&et=aliquam&ultrices=lacus&posuere=morbi&cubilia=quis&curae=tortor&nulla=id&dapibus=nulla&dolor=ultrices&vel=aliquet&est=maecenas&donec=leo&odio=odio&justo=condimentum&sollicitudin=id&ut=luctus&suscipit=nec&a=molestie&feugiat=sed&et=justo&eros=pellentesque&vestibulum=viverra&ac=pede&est=ac&lacinia=diam&nisi=cras&venenatis=pellentesque&tristique=volutpat&fusce=dui&congue=maecenas&diam=tristique&id=est&ornare=et&imperdiet=tempus&sapien=semper&urna=est&pretium=quam&nisl=pharetra&ut=magna&volutpat=ac&sapien=consequat&arcu=metus&sed=sapien&augue=ut&aliquam=nunc&erat=vestibulum&volutpat=ante&in=ipsum&congue=primis&etiam=in&justo=faucibus&etiam=orci&pretium=luctus&iaculis=et&justo=ultrices&in=posuere&hac=cubilia&habitasse=curae&platea=mauris&dictumst=viverra&etiam=diam&faucibus=vitae&cursus=quam&urna=suspendisse&ut=potenti&tellus=nullam&nulla=porttitor&ut=lacus&erat=at&id=turpis&mauris=donec&vulputate=posuere&elementum=metus&nullam=vitae&varius=ipsum&nulla=aliquam&facilisi=non&cras=mauris&non=morbi&velit=non&nec=lectus&nisi=aliquam&vulputate=sit&nonummy=amet&maecenas=diam&tincidunt=in&lacus=magna&at=bibendum&velit=imperdiet&vivamus=nullam&vel=orci&nulla=pede&eget=venenatis&eros=non&elementum=sodales&pellentesque=sed&quisque=tincidunt,208
http://elpais.com/consequat/ut.jpg?lectus=donec&pellentesque=pharetra&at=magna&nulla=vestibulum&suspendisse=aliquet&potenti=ultrices&cras=erat&in=tortor&purus=sollicitudin&eu=mi&magna=sit&vulputate=amet&luctus=lobortis&cum=sapien&sociis=sapien&natoque=non&penatibus=mi&et=integer&magnis=ac&dis=neque&parturient=duis&montes=bibendum&nascetur=morbi&ridiculus=non&mus=quam&vivamus=nec&vestibulum=dui&sagittis=luctus&sapien=rutrum&cum=nulla&sociis=tellus,273
http://tripadvisor.com/convallis/nulla/neque/libero/convallis/eget/eleifend.js?libero=varius&nam=ut&dui=blandit&proin=non&leo=interdum&odio=in&porttitor=ante&id=vestibulum&consequat=ante&in=ipsum&consequat=primis&ut=in&nulla=faucibus&sed=orci&accumsan=luctus&felis=et&ut=ultrices&at=posuere&dolor=cubilia&quis=curae&odio=duis&consequat=faucibus&varius=accumsan&integer=odio&ac=curabitur&leo=convallis&pellentesque=duis&ultrices=consequat&mattis=dui&odio=nec&donec=nisi&vitae=volutpat&nisi=eleifend&nam=donec&ultrices=ut&libero=dolor&non=morbi&mattis=vel&pulvinar=lectus&nulla=in&pede=quam&ullamcorper=fringilla&augue=rhoncus&a=mauris&suscipit=enim&nulla=leo&elit=rhoncus&ac=sed&nulla=vestibulum&sed=sit&vel=amet&enim=cursus&sit=id&amet=turpis&nunc=integer&viverra=aliquet&dapibus=massa&nulla=id&suscipit=lobortis&ligula=convallis&in=tortor&lacus=risus&curabitur=dapibus&at=augue&ipsum=vel&ac=accumsan&tellus=tellus&semper=nisi&interdum=eu,105
https://umn.edu/ipsum/praesent.json?laoreet=a&ut=pede&rhoncus=posuere&aliquet=nonummy&pulvinar=integer&sed=non&nisl=velit&nunc=donec&rhoncus=diam&dui=neque&vel=vestibulum&sem=eget&sed=vulputate&sagittis=ut&nam=ultrices&congue=vel&risus=augue&semper=vestibulum&porta=ante&volutpat=ipsum&quam=primis&pede=in&lobortis=faucibus&ligula=orci&sit=luctus&amet=et&eleifend=ultrices&pede=posuere&libero=cubilia&quis=curae&orci=donec&nullam=pharetra&molestie=magna&nibh=vestibulum&in=aliquet&lectus=ultrices&pellentesque=erat&at=tortor&nulla=sollicitudin&suspendisse=mi&potenti=sit&cras=amet&in=lobortis&purus=sapien&eu=sapien&magna=non&vulputate=mi&luctus=integer&cum=ac&sociis=neque&natoque=duis&penatibus=bibendum&et=morbi&magnis=non&dis=quam&parturient=nec&montes=dui&nascetur=luctus&ridiculus=rutrum&mus=nulla&vivamus=tellus&vestibulum=in&sagittis=sagittis&sapien=dui&cum=vel&sociis=nisl&natoque=duis&penatibus=ac&et=nibh&magnis=fusce&dis=lacus&parturient=purus&montes=aliquet&nascetur=at&ridiculus=feugiat&mus=non&etiam=pretium&vel=quis&augue=lectus&vestibulum=suspendisse&rutrum=potenti&rutrum=in&neque=eleifend&aenean=quam&auctor=a&gravida=odio&sem=in&praesent=hac&id=habitasse&massa=platea&id=dictumst&nisl=maecenas,242
https://jigsy.com/felis/donec.jpg?in=lacinia&hac=eget&habitasse=tincidunt&platea=eget&dictumst=tempus&aliquam=vel&augue=pede&quam=morbi&sollicitudin=porttitor,273
http://virginia.edu/ipsum.jpg?turpis=porttitor&adipiscing=pede&lorem=justo&vitae=eu&mattis=massa&nibh=donec&ligula=dapibus&nec=duis&sem=at&duis=velit&aliquam=eu&convallis=est&nunc=congue&proin=elementum&at=in&turpis=hac&a=habitasse&pede=platea&posuere=dictumst&nonummy=morbi&integer=vestibulum&non=velit&velit=id&donec=pretium&diam=iaculis&neque=diam&vestibulum=erat&eget=fermentum&vulputate=justo&ut=nec&ultrices=condimentum&vel=neque&augue=sapien&vestibulum=placerat&ante=ante&ipsum=nulla&primis=justo&in=aliquam&faucibus=quis&orci=turpis&luctus=eget&et=elit&ultrices=sodales&posuere=scelerisque&cubilia=mauris&curae=sit&donec=amet&pharetra=eros&magna=suspendisse&vestibulum=accumsan&aliquet=tortor&ultrices=quis&erat=turpis&tortor=sed&sollicitudin=ante&mi=vivamus&sit=tortor&amet=duis&lobortis=mattis&sapien=egestas&sapien=metus&non=aenean&mi=fermentum&integer=donec&ac=ut&neque=mauris&duis=eget&bibendum=massa&morbi=tempor&non=convallis&quam=nulla&nec=neque&dui=libero&luctus=convallis&rutrum=eget&nulla=eleifend&tellus=luctus,215
http://phoca.cz/hac/habitasse/platea/dictumst.aspx?nulla=imperdiet&justo=et&aliquam=commodo&quis=vulputate&turpis=justo&eget=in&elit=blandit&sodales=ultrices&scelerisque=enim&mauris=lorem&sit=ipsum&amet=dolor&eros=sit&suspendisse=amet&accumsan=consectetuer&tortor=adipiscing&quis=elit&turpis=proin&sed=interdum&ante=mauris&vivamus=non&tortor=ligula&duis=pellentesque&mattis=ultrices&egestas=phasellus&metus=id&aenean=sapien&fermentum=in&donec=sapien&ut=iaculis&mauris=congue&eget=vivamus&massa=metus&tempor=arcu&convallis=adipiscing&nulla=molestie&neque=hendrerit&libero=at&convallis=vulputate&eget=vitae&eleifend=nisl&luctus=aenean&ultricies=lectus&eu=pellentesque&nibh=eget&quisque=nunc&id=donec&justo=quis&sit=orci&amet=eget&sapien=orci&dignissim=vehicula&vestibulum=condimentum&vestibulum=curabitur&ante=in&ipsum=libero&primis=ut,250
http://google.cn/quis.png?in=hac&sagittis=habitasse&dui=platea&vel=dictumst&nisl=maecenas&duis=ut&ac=massa&nibh=quis&fusce=augue&lacus=luctus&purus=tincidunt&aliquet=nulla&at=mollis&feugiat=molestie&non=lorem&pretium=quisque&quis=ut&lectus=erat&suspendisse=curabitur&potenti=gravida&in=nisi&eleifend=at&quam=nibh&a=in&odio=hac&in=habitasse&hac=platea&habitasse=dictumst&platea=aliquam&dictumst=augue&maecenas=quam&ut=sollicitudin&massa=vitae&quis=consectetuer&augue=eget&luctus=rutrum&tincidunt=at&nulla=lorem&mollis=integer&molestie=tincidunt&lorem=ante&quisque=vel&ut=ipsum&erat=praesent&curabitur=blandit&gravida=lacinia&nisi=erat&at=vestibulum&nibh=sed&in=magna&hac=at&habitasse=nunc&platea=commodo&dictumst=placerat&aliquam=praesent&augue=blandit&quam=nam&sollicitudin=nulla&vitae=integer&consectetuer=pede&eget=justo&rutrum=lacinia&at=eget&lorem=tincidunt&integer=eget&tincidunt=tempus&ante=vel&vel=pede&ipsum=morbi&praesent=porttitor&blandit=lorem&lacinia=id&erat=ligula,290
http://princeton.edu/amet/sem/fusce/consequat/nulla/nisl/nunc.jsp?nullam=eget&varius=eros&nulla=elementum&facilisi=pellentesque&cras=quisque&non=porta&velit=volutpat&nec=erat&nisi=quisque&vulputate=erat&nonummy=eros&maecenas=viverra&tincidunt=eget&lacus=congue&at=eget&velit=semper&vivamus=rutrum&vel=nulla&nulla=nunc&eget=purus&eros=phasellus&elementum=in&pellentesque=felis&quisque=donec&porta=semper&volutpat=sapien&erat=a&quisque=libero&erat=nam&eros=dui&viverra=proin&eget=leo&congue=odio&eget=porttitor&semper=id&rutrum=consequat&nulla=in&nunc=consequat&purus=ut&phasellus=nulla&in=sed&felis=accumsan&donec=felis&semper=ut&sapien=at&a=dolor&libero=quis&nam=odio&dui=consequat&proin=varius&leo=integer&odio=ac&porttitor=leo&id=pellentesque&consequat=ultrices&in=mattis&consequat=odio&ut=donec&nulla=vitae&sed=nisi&accumsan=nam&felis=ultrices&ut=libero&at=non,44
https://purevolume.com/odio/justo/sollicitudin/ut/suscipit/a/feugiat.xml?duis=nisl&ac=venenatis&nibh=lacinia&fusce=aenean&lacus=sit&purus=amet&aliquet=justo&at=morbi&feugiat=ut&non=odio&pretium=cras&quis=mi&lectus=pede&suspendisse=malesuada&potenti=in&in=imperdiet&eleifend=et&quam=commodo&a=vulputate&odio=justo,297
https://eepurl.com/posuere/cubilia/curae/duis/faucibus/accumsan/odio.json?diam=justo&erat=maecenas&fermentum=rhoncus&justo=aliquam&nec=lacus&condimentum=morbi&neque=quis&sapien=tortor&placerat=id&ante=nulla&nulla=ultrices&justo=aliquet&aliquam=maecenas&quis=leo&turpis=odio&eget=condimentum&elit=id&sodales=luctus&scelerisque=nec&mauris=molestie&sit=sed&amet=justo&eros=pellentesque&suspendisse=viverra&accumsan=pede&tortor=ac&quis=diam&turpis=cras&sed=pellentesque&ante=volutpat&vivamus=dui&tortor=maecenas&duis=tristique&mattis=est&egestas=et&metus=tempus&aenean=semper&fermentum=est&donec=quam&ut=pharetra&mauris=magna&eget=ac&massa=consequat&tempor=metus&convallis=sapien&nulla=ut&neque=nunc&libero=vestibulum&convallis=ante&eget=ipsum&eleifend=primis&luctus=in&ultricies=faucibus&eu=orci&nibh=luctus&quisque=et&id=ultrices&justo=posuere&sit=cubilia&amet=curae&sapien=mauris&dignissim=viverra&vestibulum=diam&vestibulum=vitae&ante=quam&ipsum=suspendisse&primis=potenti&in=nullam&faucibus=porttitor&orci=lacus&luctus=at&et=turpis&ultrices=donec&posuere=posuere&cubilia=metus&curae=vitae&nulla=ipsum&dapibus=aliquam&dolor=non&vel=mauris&est=morbi&donec=non&odio=lectus&justo=aliquam&sollicitudin=sit&ut=amet&suscipit=diam&a=in&feugiat=magna&et=bibendum,123
http://ebay.co.uk/integer/ac/neque/duis/bibendum/morbi/non.js?morbi=morbi&a=sem&ipsum=mauris&integer=laoreet&a=ut&nibh=rhoncus&in=aliquet&quis=pulvinar&justo=sed&maecenas=nisl&rhoncus=nunc&aliquam=rhoncus&lacus=dui&morbi=vel&quis=sem&tortor=sed&id=sagittis&nulla=nam&ultrices=congue&aliquet=risus&maecenas=semper&leo=porta&odio=volutpat&condimentum=quam&id=pede&luctus=lobortis&nec=ligula&molestie=sit&sed=amet&justo=eleifend&pellentesque=pede,20
https://earthlink.net/condimentum/neque/sapien/placerat.jsp?hac=morbi&habitasse=quis&platea=tortor&dictumst=id&maecenas=nulla&ut=ultrices&massa=aliquet&quis=maecenas&augue=leo&luctus=odio&tincidunt=condimentum&nulla=id&mollis=luctus&molestie=nec&lorem=molestie&quisque=sed&ut=justo&erat=pellentesque&curabitur=viverra&gravida=pede&nisi=ac&at=diam&nibh=cras&in=pellentesque&hac=volutpat&habitasse=dui&platea=maecenas&dictumst=tristique,275
https://bloglovin.com/risus/dapibus.jsp?in=ac&felis=diam&eu=cras&sapien=pellentesque&cursus=volutpat&vestibulum=dui&proin=maecenas&eu=tristique&mi=est&nulla=et&ac=tempus&enim=semper&in=est&tempor=quam&turpis=pharetra&nec=magna&euismod=ac&scelerisque=consequat&quam=metus&turpis=sapien&adipiscing=ut&lorem=nunc&vitae=vestibulum&mattis=ante&nibh=ipsum&ligula=primis&nec=in&sem=faucibus,293
http://pcworld.com/convallis/tortor/risus/dapibus/augue/vel.jsp?justo=erat&in=quisque&blandit=erat&ultrices=eros&enim=viverra&lorem=eget&ipsum=congue&dolor=eget&sit=semper&amet=rutrum&consectetuer=nulla&adipiscing=nunc&elit=purus&proin=phasellus&interdum=in&mauris=felis&non=donec&ligula=semper&pellentesque=sapien&ultrices=a&phasellus=libero&id=nam&sapien=dui&in=proin&sapien=leo&iaculis=odio&congue=porttitor&vivamus=id&metus=consequat&arcu=in&adipiscing=consequat&molestie=ut&hendrerit=nulla&at=sed&vulputate=accumsan&vitae=felis&nisl=ut&aenean=at&lectus=dolor&pellentesque=quis&eget=odio&nunc=consequat&donec=varius&quis=integer&orci=ac&eget=leo&orci=pellentesque&vehicula=ultrices&condimentum=mattis&curabitur=odio&in=donec&libero=vitae&ut=nisi&massa=nam&volutpat=ultrices&convallis=libero&morbi=non&odio=mattis&odio=pulvinar&elementum=nulla&eu=pede&interdum=ullamcorper&eu=augue&tincidunt=a&in=suscipit&leo=nulla&maecenas=elit&pulvinar=ac&lobortis=nulla&est=sed&phasellus=vel&sit=enim&amet=sit&erat=amet&nulla=nunc&tempus=viverra&vivamus=dapibus&in=nulla&felis=suscipit&eu=ligula&sapien=in&cursus=lacus&vestibulum=curabitur&proin=at,179
http://sourceforge.net/sed/vel/enim.json?orci=condimentum&pede=id&venenatis=luctus&non=nec&sodales=molestie&sed=sed&tincidunt=justo&eu=pellentesque&felis=viverra&fusce=pede&posuere=ac&felis=diam&sed=cras&lacus=pellentesque&morbi=volutpat&sem=dui&mauris=maecenas&laoreet=tristique&ut=est&rhoncus=et&aliquet=tempus&pulvinar=semper&sed=est&nisl=quam&nunc=pharetra&rhoncus=magna&dui=ac&vel=consequat&sem=metus,189
http://delicious.com/curae/donec/pharetra/magna/vestibulum.html?sapien=quis&sapien=augue&non=luctus&mi=tincidunt&integer=nulla&ac=mollis&neque=molestie&duis=lorem&bibendum=quisque&morbi=ut&non=erat&quam=curabitur&nec=gravida&dui=nisi&luctus=at&rutrum=nibh&nulla=in&tellus=hac&in=habitasse&sagittis=platea&dui=dictumst&vel=aliquam&nisl=augue&duis=quam&ac=sollicitudin&nibh=vitae&fusce=consectetuer&lacus=eget&purus=rutrum&aliquet=at&at=lorem&feugiat=integer&non=tincidunt&pretium=ante&quis=vel&lectus=ipsum&suspendisse=praesent&potenti=blandit&in=lacinia&eleifend=erat&quam=vestibulum&a=sed&odio=magna&in=at&hac=nunc&habitasse=commodo&platea=placerat&dictumst=praesent&maecenas=blandit,127
http://harvard.edu/phasellus.xml?imperdiet=lacus&sapien=morbi&urna=quis&pretium=tortor&nisl=id&ut=nulla&volutpat=ultrices&sapien=aliquet&arcu=maecenas&sed=leo&augue=odio&aliquam=condimentum&erat=id&volutpat=luctus&in=nec&congue=molestie&etiam=sed&justo=justo&etiam=pellentesque&pretium=viverra&iaculis=pede&justo=ac&in=diam&hac=cras&habitasse=pellentesque&platea=volutpat&dictumst=dui&etiam=maecenas&faucibus=tristique&cursus=est&urna=et&ut=tempus&tellus=semper&nulla=est&ut=quam&erat=pharetra&id=magna&mauris=ac&vulputate=consequat&elementum=metus&nullam=sapien&varius=ut&nulla=nunc&facilisi=vestibulum&cras=ante&non=ipsum&velit=primis&nec=in&nisi=faucibus&vulputate=orci&nonummy=luctus&maecenas=et&tincidunt=ultrices&lacus=posuere&at=cubilia&velit=curae&vivamus=mauris&vel=viverra&nulla=diam&eget=vitae&eros=quam&elementum=suspendisse&pellentesque=potenti&quisque=nullam&porta=porttitor&volutpat=lacus&erat=at&quisque=turpis&erat=donec&eros=posuere&viverra=metus&eget=vitae&congue=ipsum&eget=aliquam&semper=non&rutrum=mauris&nulla=morbi&nunc=non&purus=lectus&phasellus=aliquam&in=sit&felis=amet&donec=diam&semper=in,35
https://nifty.com/accumsan/odio/curabitur/convallis/duis/consequat/dui.aspx?dui=congue&luctus=vivamus&rutrum=metus&nulla=arcu&tellus=adipiscing&in=molestie&sagittis=hendrerit&dui=at&vel=vulputate&nisl=vitae&duis=nisl&ac=aenean&nibh=lectus&fusce=pellentesque&lacus=eget&purus=nunc&aliquet=donec&at=quis&feugiat=orci&non=eget&pretium=orci,279
https://boston.com/eu/massa.png?massa=in&donec=est&dapibus=risus&duis=auctor&at=sed&velit=tristique&eu=in&est=tempus&congue=sit&elementum=amet&in=sem&hac=fusce&habitasse=consequat&platea=nulla&dictumst=nisl&morbi=nunc&vestibulum=nisl,242
https://printfriendly.com/dictumst.json?eros=nunc&elementum=donec&pellentesque=quis&quisque=orci&porta=eget&volutpat=orci&erat=vehicula&quisque=condimentum&erat=curabitur&eros=in&viverra=libero&eget=ut,233
https://nbcnews.com/in.png?nunc=in&commodo=faucibus&placerat=orci&praesent=luctus&blandit=et&nam=ultrices&nulla=posuere&integer=cubilia&pede=curae,294
http://businessweek.com/rutrum/ac/lobortis/vel.html?sapien=pellentesque&varius=viverra&ut=pede&blandit=ac&non=diam&interdum=cras&in=pellentesque&ante=volutpat&vestibulum=dui&ante=maecenas&ipsum=tristique&primis=est&in=et&faucibus=tempus&orci=semper&luctus=est&et=quam&ultrices=pharetra&posuere=magna&cubilia=ac&curae=consequat&duis=metus&faucibus=sapien&accumsan=ut&odio=nunc&curabitur=vestibulum&convallis=ante&duis=ipsum&consequat=primis&dui=in&nec=faucibus&nisi=orci&volutpat=luctus&eleifend=et&donec=ultrices&ut=posuere&dolor=cubilia&morbi=curae&vel=mauris&lectus=viverra&in=diam&quam=vitae&fringilla=quam&rhoncus=suspendisse&mauris=potenti&enim=nullam&leo=porttitor&rhoncus=lacus&sed=at&vestibulum=turpis&sit=donec&amet=posuere&cursus=metus&id=vitae&turpis=ipsum&integer=aliquam&aliquet=non&massa=mauris&id=morbi&lobortis=non&convallis=lectus&tortor=aliquam&risus=sit&dapibus=amet&augue=diam&vel=in&accumsan=magna&tellus=bibendum&nisi=imperdiet&eu=nullam&orci=orci&mauris=pede&lacinia=venenatis&sapien=non&quis=sodales&libero=sed&nullam=tincidunt&sit=eu&amet=felis&turpis=fusce&elementum=posuere&ligula=felis&vehicula=sed&consequat=lacus,283
http://cloudflare.com/at/nunc/commodo/placerat/praesent.xml?posuere=vulputate&cubilia=nonummy&curae=maecenas&mauris=tincidunt&viverra=lacus&diam=at&vitae=velit&quam=vivamus&suspendisse=vel&potenti=nulla&nullam=eget&porttitor=eros&lacus=elementum&at=pellentesque&turpis=quisque&donec=porta&posuere=volutpat&metus=erat&vitae=quisque&ipsum=erat&aliquam=eros&non=viverra&mauris=eget&morbi=congue&non=eget&lectus=semper&aliquam=rutrum&sit=nulla&amet=nunc&diam=purus&in=phasellus&magna=in&bibendum=felis&imperdiet=donec&nullam=semper&orci=sapien&pede=a&venenatis=libero&non=nam&sodales=dui&sed=proin&tincidunt=leo&eu=odio&felis=porttitor&fusce=id&posuere=consequat&felis=in&sed=consequat&lacus=ut&morbi=nulla&sem=sed&mauris=accumsan&laoreet=felis&ut=ut&rhoncus=at&aliquet=dolor&pulvinar=quis&sed=odio&nisl=consequat&nunc=varius&rhoncus=integer&dui=ac&vel=leo&sem=pellentesque&sed=ultrices&sagittis=mattis&nam=odio&congue=donec&risus=vitae&semper=nisi&porta=nam&volutpat=ultrices&quam=libero&pede=non&lobortis=mattis&ligula=pulvinar&sit=nulla&amet=pede&eleifend=ullamcorper&pede=augue&libero=a&quis=suscipit&orci=nulla&nullam=elit&molestie=ac&nibh=nulla&in=sed&lectus=vel&pellentesque=enim&at=sit&nulla=amet&suspendisse=nunc&potenti=viverra&cras=dapibus&in=nulla&purus=suscipit&eu=ligula&magna=in,295
http://arstechnica.com/dolor/vel/est/donec.json?et=tempor&ultrices=turpis&posuere=nec&cubilia=euismod&curae=scelerisque&mauris=quam&viverra=turpis&diam=adipiscing&vitae=lorem&quam=vitae&suspendisse=mattis&potenti=nibh&nullam=ligula&porttitor=nec&lacus=sem&at=duis&turpis=aliquam&donec=convallis&posuere=nunc&metus=proin&vitae=at&ipsum=turpis&aliquam=a&non=pede&mauris=posuere&morbi=nonummy&non=integer&lectus=non&aliquam=velit&sit=donec&amet=diam&diam=neque&in=vestibulum&magna=eget&bibendum=vulputate&imperdiet=ut&nullam=ultrices&orci=vel&pede=augue&venenatis=vestibulum&non=ante&sodales=ipsum&sed=primis&tincidunt=in&eu=faucibus&felis=orci&fusce=luctus&posuere=et&felis=ultrices&sed=posuere&lacus=cubilia&morbi=curae&sem=donec&mauris=pharetra&laoreet=magna&ut=vestibulum&rhoncus=aliquet&aliquet=ultrices&pulvinar=erat&sed=tortor&nisl=sollicitudin&nunc=mi&rhoncus=sit&dui=amet&vel=lobortis&sem=sapien&sed=sapien&sagittis=non&nam=mi&congue=integer&risus=ac&semper=neque&porta=duis&volutpat=bibendum&quam=morbi&pede=non&lobortis=quam&ligula=nec&sit=dui&amet=luctus&eleifend=rutrum&pede=nulla&libero=tellus&quis=in&orci=sagittis&nullam=dui&molestie=vel&nibh=nisl&in=duis&lectus=ac&pellentesque=nibh&at=fusce&nulla=lacus&suspendisse=purus,294
http://yahoo.co.jp/aenean/sit/amet/justo/morbi/ut/odio.jsp?urna=erat&ut=quisque&tellus=erat&nulla=eros&ut=viverra&erat=eget&id=congue&mauris=eget&vulputate=semper&elementum=rutrum&nullam=nulla&varius=nunc&nulla=purus&facilisi=phasellus&cras=in&non=felis&velit=donec&nec=semper&nisi=sapien&vulputate=a&nonummy=libero&maecenas=nam&tincidunt=dui&lacus=proin&at=leo&velit=odio&vivamus=porttitor&vel=id&nulla=consequat&eget=in&eros=consequat&elementum=ut&pellentesque=nulla&quisque=sed&porta=accumsan&volutpat=felis&erat=ut&quisque=at&erat=dolor&eros=quis&viverra=odio&eget=consequat&congue=varius&eget=integer&semper=ac&rutrum=leo,264
http://so-net.ne.jp/rutrum/nulla.jsp?est=lobortis&quam=est&pharetra=phasellus&magna=sit&ac=amet&consequat=erat&metus=nulla&sapien=tempus&ut=vivamus&nunc=in&vestibulum=felis&ante=eu&ipsum=sapien&primis=cursus&in=vestibulum&faucibus=proin&orci=eu&luctus=mi&et=nulla&ultrices=ac&posuere=enim&cubilia=in&curae=tempor&mauris=turpis&viverra=nec&diam=euismod&vitae=scelerisque&quam=quam&suspendisse=turpis&potenti=adipiscing&nullam=lorem&porttitor=vitae&lacus=mattis&at=nibh&turpis=ligula&donec=nec&posuere=sem&metus=duis&vitae=aliquam&ipsum=convallis&aliquam=nunc&non=proin&mauris=at&morbi=turpis&non=a&lectus=pede&aliquam=posuere&sit=nonummy&amet=integer&diam=non&in=velit&magna=donec&bibendum=diam&imperdiet=neque&nullam=vestibulum&orci=eget&pede=vulputate&venenatis=ut&non=ultrices&sodales=vel&sed=augue&tincidunt=vestibulum&eu=ante&felis=ipsum&fusce=primis&posuere=in&felis=faucibus&sed=orci&lacus=luctus&morbi=et&sem=ultrices&mauris=posuere&laoreet=cubilia&ut=curae&rhoncus=donec&aliquet=pharetra&pulvinar=magna&sed=vestibulum&nisl=aliquet&nunc=ultrices&rhoncus=erat,238
http://unblog.fr/ut/at/dolor/quis/odio.png?orci=felis&mauris=donec&lacinia=semper&sapien=sapien&quis=a&libero=libero&nullam=nam&sit=dui&amet=proin&turpis=leo&elementum=odio&ligula=porttitor&vehicula=id&consequat=consequat&morbi=in&a=consequat&ipsum=ut&integer=nulla&a=sed&nibh=accumsan&in=felis&quis=ut&justo=at&maecenas=dolor&rhoncus=quis&aliquam=odio&lacus=consequat&morbi=varius&quis=integer&tortor=ac&id=leo,235
https://miitbeian.gov.cn/proin/interdum.js?orci=volutpat&nullam=dui&molestie=maecenas&nibh=tristique&in=est&lectus=et&pellentesque=tempus&at=semper&nulla=est&suspendisse=quam&potenti=pharetra&cras=magna&in=ac&purus=consequat&eu=metus&magna=sapien&vulputate=ut&luctus=nunc&cum=vestibulum&sociis=ante&natoque=ipsum&penatibus=primis&et=in&magnis=faucibus&dis=orci&parturient=luctus&montes=et&nascetur=ultrices&ridiculus=posuere&mus=cubilia&vivamus=curae&vestibulum=mauris&sagittis=viverra&sapien=diam&cum=vitae&sociis=quam&natoque=suspendisse&penatibus=potenti&et=nullam&magnis=porttitor&dis=lacus&parturient=at&montes=turpis&nascetur=donec&ridiculus=posuere&mus=metus&etiam=vitae&vel=ipsum&augue=aliquam&vestibulum=non&rutrum=mauris&rutrum=morbi&neque=non&aenean=lectus&auctor=aliquam&gravida=sit&sem=amet&praesent=diam&id=in&massa=magna&id=bibendum&nisl=imperdiet&venenatis=nullam&lacinia=orci&aenean=pede&sit=venenatis&amet=non&justo=sodales&morbi=sed&ut=tincidunt&odio=eu&cras=felis&mi=fusce&pede=posuere&malesuada=felis&in=sed&imperdiet=lacus&et=morbi&commodo=sem&vulputate=mauris&justo=laoreet&in=ut&blandit=rhoncus&ultrices=aliquet,240
http://ft.com/tincidunt/eu.xml?duis=maecenas&faucibus=ut&accumsan=massa&odio=quis&curabitur=augue&convallis=luctus&duis=tincidunt&consequat=nulla&dui=mollis&nec=molestie&nisi=lorem&volutpat=quisque&eleifend=ut&donec=erat&ut=curabitur&dolor=gravida&morbi=nisi&vel=at&lectus=nibh&in=in&quam=hac&fringilla=habitasse&rhoncus=platea&mauris=dictumst&enim=aliquam&leo=augue&rhoncus=quam&sed=sollicitudin&vestibulum=vitae&sit=consectetuer&amet=eget&cursus=rutrum&id=at&turpis=lorem&integer=integer&aliquet=tincidunt&massa=ante&id=vel&lobortis=ipsum&convallis=praesent&tortor=blandit&risus=lacinia&dapibus=erat&augue=vestibulum&vel=sed&accumsan=magna&tellus=at&nisi=nunc&eu=commodo&orci=placerat&mauris=praesent&lacinia=blandit&sapien=nam&quis=nulla&libero=integer&nullam=pede&sit=justo&amet=lacinia&turpis=eget&elementum=tincidunt&ligula=eget&vehicula=tempus&consequat=vel&morbi=pede&a=morbi&ipsum=porttitor&integer=lorem&a=id&nibh=ligula&in=suspendisse&quis=ornare&justo=consequat&maecenas=lectus&rhoncus=in&aliquam=est&lacus=risus&morbi=auctor&quis=sed&tortor=tristique&id=in&nulla=tempus&ultrices=sit&aliquet=amet&maecenas=sem&leo=fusce&odio=consequat&condimentum=nulla&id=nisl&luctus=nunc&nec=nisl&molestie=duis&sed=bibendum&justo=felis&pellentesque=sed,264
https://a8.net/lectus/in/quam/fringilla/rhoncus/mauris/enim.html?nisl=venenatis&duis=turpis&bibendum=enim&felis=blandit&sed=mi&interdum=in&venenatis=porttitor&turpis=pede&enim=justo&blandit=eu&mi=massa&in=donec&porttitor=dapibus&pede=duis&justo=at&eu=velit&massa=eu&donec=est&dapibus=congue&duis=elementum&at=in&velit=hac&eu=habitasse&est=platea&congue=dictumst&elementum=morbi&in=vestibulum&hac=velit&habitasse=id&platea=pretium&dictumst=iaculis&morbi=diam&vestibulum=erat&velit=fermentum&id=justo&pretium=nec&iaculis=condimentum&diam=neque&erat=sapien&fermentum=placerat&justo=ante&nec=nulla&condimentum=justo&neque=aliquam&sapien=quis&placerat=turpis&ante=eget&nulla=elit&justo=sodales&aliquam=scelerisque&quis=mauris&turpis=sit&eget=amet&elit=eros&sodales=suspendisse&scelerisque=accumsan&mauris=tortor&sit=quis&amet=turpis&eros=sed&suspendisse=ante&accumsan=vivamus&tortor=tortor&quis=duis&turpis=mattis&sed=egestas&ante=metus&vivamus=aenean&tortor=fermentum&duis=donec&mattis=ut&egestas=mauris,239
https://themeforest.net/non/velit/nec/nisi.aspx?faucibus=pede&orci=ullamcorper&luctus=augue&et=a&ultrices=suscipit&posuere=nulla&cubilia=elit&curae=ac&mauris=nulla&viverra=sed&diam=vel&vitae=enim&quam=sit&suspendisse=amet&potenti=nunc,208
https://mail.ru/morbi.png?non=justo&ligula=in&pellentesque=hac&ultrices=habitasse&phasellus=platea&id=dictumst&sapien=etiam&in=faucibus&sapien=cursus&iaculis=urna&congue=ut&vivamus=tellus&metus=nulla&arcu=ut&adipiscing=erat&molestie=id&hendrerit=mauris&at=vulputate&vulputate=elementum&vitae=nullam&nisl=varius&aenean=nulla&lectus=facilisi&pellentesque=cras&eget=non&nunc=velit&donec=nec&quis=nisi&orci=vulputate&eget=nonummy&orci=maecenas&vehicula=tincidunt,274
http://xrea.com/in/hac/habitasse/platea.jpg?ipsum=in&primis=quam&in=fringilla&faucibus=rhoncus&orci=mauris,366
https://usnews.com/erat/curabitur/gravida/nisi/at/nibh.js?volutpat=eu&dui=tincidunt&maecenas=in&tristique=leo&est=maecenas&et=pulvinar&tempus=lobortis&semper=est&est=phasellus&quam=sit&pharetra=amet&magna=erat&ac=nulla&consequat=tempus&metus=vivamus&sapien=in&ut=felis&nunc=eu&vestibulum=sapien&ante=cursus&ipsum=vestibulum&primis=proin&in=eu&faucibus=mi&orci=nulla&luctus=ac&et=enim&ultrices=in&posuere=tempor&cubilia=turpis&curae=nec&mauris=euismod&viverra=scelerisque&diam=quam&vitae=turpis&quam=adipiscing&suspendisse=lorem&potenti=vitae&nullam=mattis&porttitor=nibh&lacus=ligula&at=nec&turpis=sem&donec=duis&posuere=aliquam&metus=convallis&vitae=nunc&ipsum=proin&aliquam=at&non=turpis,231
http://quantcast.com/diam/nam/tristique/tortor/eu.jsp?gravida=montes&sem=nascetur&praesent=ridiculus&id=mus&massa=etiam&id=vel&nisl=augue&venenatis=vestibulum&lacinia=rutrum&aenean=rutrum&sit=neque&amet=aenean&justo=auctor&morbi=gravida&ut=sem&odio=praesent&cras=id&mi=massa,288
https://plala.or.jp/lobortis/sapien/sapien/non/mi/integer/ac.xml?habitasse=vulputate&platea=elementum&dictumst=nullam&aliquam=varius&augue=nulla&quam=facilisi&sollicitudin=cras&vitae=non&consectetuer=velit&eget=nec&rutrum=nisi&at=vulputate&lorem=nonummy&integer=maecenas&tincidunt=tincidunt&ante=lacus&vel=at&ipsum=velit&praesent=vivamus&blandit=vel&lacinia=nulla&erat=eget&vestibulum=eros&sed=elementum&magna=pellentesque&at=quisque&nunc=porta&commodo=volutpat&placerat=erat&praesent=quisque&blandit=erat&nam=eros&nulla=viverra&integer=eget&pede=congue&justo=eget&lacinia=semper&eget=rutrum&tincidunt=nulla&eget=nunc&tempus=purus&vel=phasellus&pede=in&morbi=felis&porttitor=donec&lorem=semper&id=sapien&ligula=a&suspendisse=libero&ornare=nam,144
http://ucoz.com/justo.jpg?lacus=mauris&at=viverra&velit=diam&vivamus=vitae&vel=quam&nulla=suspendisse&eget=potenti&eros=nullam&elementum=porttitor&pellentesque=lacus&quisque=at&porta=turpis&volutpat=donec&erat=posuere&quisque=metus&erat=vitae&eros=ipsum&viverra=aliquam&eget=non&congue=mauris&eget=morbi&semper=non&rutrum=lectus&nulla=aliquam&nunc=sit&purus=amet&phasellus=diam&in=in&felis=magna&donec=bibendum&semper=imperdiet&sapien=nullam&a=orci&libero=pede&nam=venenatis&dui=non&proin=sodales&leo=sed&odio=tincidunt&porttitor=eu&id=felis&consequat=fusce&in=posuere&consequat=felis,268
https://acquirethisname.com/tincidunt/eu/felis.html?lacus=ipsum&at=primis&turpis=in&donec=faucibus&posuere=orci&metus=luctus&vitae=et&ipsum=ultrices&aliquam=posuere&non=cubilia&mauris=curae&morbi=duis&non=faucibus&lectus=accumsan&aliquam=odio&sit=curabitur&amet=convallis&diam=duis&in=consequat&magna=dui&bibendum=nec&imperdiet=nisi&nullam=volutpat&orci=eleifend&pede=donec&venenatis=ut&non=dolor&sodales=morbi&sed=vel&tincidunt=lectus&eu=in&felis=quam&fusce=fringilla&posuere=rhoncus&felis=mauris&sed=enim&lacus=leo&morbi=rhoncus&sem=sed&mauris=vestibulum&laoreet=sit&ut=amet&rhoncus=cursus&aliquet=id&pulvinar=turpis&sed=integer&nisl=aliquet&nunc=massa&rhoncus=id&dui=lobortis&vel=convallis&sem=tortor&sed=risus&sagittis=dapibus&nam=augue&congue=vel&risus=accumsan&semper=tellus&porta=nisi&volutpat=eu&quam=orci&pede=mauris&lobortis=lacinia&ligula=sapien&sit=quis&amet=libero&eleifend=nullam&pede=sit&libero=amet&quis=turpis&orci=elementum&nullam=ligula&molestie=vehicula&nibh=consequat&in=morbi&lectus=a&pellentesque=ipsum&at=integer&nulla=a&suspendisse=nibh&potenti=in&cras=quis&in=justo,253
http://squarespace.com/est/donec/odio/justo.xml?nisl=nec&duis=molestie&bibendum=sed&felis=justo&sed=pellentesque&interdum=viverra&venenatis=pede&turpis=ac&enim=diam&blandit=cras&mi=pellentesque&in=volutpat&porttitor=dui&pede=maecenas&justo=tristique&eu=est&massa=et&donec=tempus&dapibus=semper&duis=est&at=quam&velit=pharetra&eu=magna&est=ac&congue=consequat&elementum=metus&in=sapien&hac=ut&habitasse=nunc&platea=vestibulum&dictumst=ante&morbi=ipsum&vestibulum=primis&velit=in&id=faucibus&pretium=orci&iaculis=luctus&diam=et&erat=ultrices&fermentum=posuere&justo=cubilia&nec=curae&condimentum=mauris&neque=viverra&sapien=diam&placerat=vitae&ante=quam,224
http://zdnet.com/odio/in/hac/habitasse/platea/dictumst.jpg?morbi=augue&vestibulum=vestibulum&velit=rutrum&id=rutrum&pretium=neque&iaculis=aenean&diam=auctor&erat=gravida&fermentum=sem&justo=praesent&nec=id&condimentum=massa&neque=id&sapien=nisl&placerat=venenatis&ante=lacinia&nulla=aenean&justo=sit&aliquam=amet&quis=justo&turpis=morbi&eget=ut&elit=odio&sodales=cras&scelerisque=mi&mauris=pede&sit=malesuada&amet=in&eros=imperdiet&suspendisse=et&accumsan=commodo&tortor=vulputate&quis=justo&turpis=in&sed=blandit&ante=ultrices&vivamus=enim&tortor=lorem&duis=ipsum&mattis=dolor&egestas=sit&metus=amet&aenean=consectetuer&fermentum=adipiscing&donec=elit&ut=proin&mauris=interdum&eget=mauris&massa=non&tempor=ligula&convallis=pellentesque&nulla=ultrices&neque=phasellus&libero=id&convallis=sapien&eget=in&eleifend=sapien&luctus=iaculis,132
http://tripod.com/lacinia/sapien/quis/libero/nullam/sit/amet.json?proin=pretium&interdum=iaculis&mauris=diam&non=erat&ligula=fermentum&pellentesque=justo&ultrices=nec&phasellus=condimentum&id=neque&sapien=sapien&in=placerat&sapien=ante&iaculis=nulla&congue=justo&vivamus=aliquam&metus=quis&arcu=turpis&adipiscing=eget&molestie=elit&hendrerit=sodales&at=scelerisque&vulputate=mauris&vitae=sit&nisl=amet&aenean=eros&lectus=suspendisse&pellentesque=accumsan&eget=tortor&nunc=quis&donec=turpis&quis=sed&orci=ante&eget=vivamus&orci=tortor&vehicula=duis&condimentum=mattis&curabitur=egestas&in=metus&libero=aenean&ut=fermentum&massa=donec&volutpat=ut&convallis=mauris&morbi=eget&odio=massa&odio=tempor&elementum=convallis&eu=nulla&interdum=neque&eu=libero&tincidunt=convallis&in=eget&leo=eleifend&maecenas=luctus&pulvinar=ultricies&lobortis=eu&est=nibh&phasellus=quisque&sit=id&amet=justo,229
http://wikispaces.com/vestibulum/vestibulum/ante/ipsum/primis/in.js?phasellus=justo&sit=sollicitudin&amet=ut&erat=suscipit&nulla=a&tempus=feugiat&vivamus=et&in=eros&felis=vestibulum&eu=ac&sapien=est&cursus=lacinia&vestibulum=nisi&proin=venenatis&eu=tristique&mi=fusce&nulla=congue&ac=diam&enim=id&in=ornare&tempor=imperdiet&turpis=sapien&nec=urna&euismod=pretium&scelerisque=nisl&quam=ut&turpis=volutpat&adipiscing=sapien&lorem=arcu&vitae=sed&mattis=augue&nibh=aliquam&ligula=erat&nec=volutpat&sem=in&duis=congue&aliquam=etiam&convallis=justo&nunc=etiam&proin=pretium&at=iaculis&turpis=justo&a=in&pede=hac&posuere=habitasse&nonummy=platea&integer=dictumst&non=etiam&velit=faucibus&donec=cursus&diam=urna&neque=ut&vestibulum=tellus&eget=nulla&vulputate=ut&ut=erat&ultrices=id&vel=mauris&augue=vulputate&vestibulum=elementum&ante=nullam&ipsum=varius&primis=nulla&in=facilisi&faucibus=cras&orci=non&luctus=velit&et=nec&ultrices=nisi&posuere=vulputate&cubilia=nonummy&curae=maecenas&donec=tincidunt&pharetra=lacus&magna=at&vestibulum=velit&aliquet=vivamus&ultrices=vel&erat=nulla&tortor=eget,212
http://prlog.org/leo/maecenas/pulvinar/lobortis.json?odio=ipsum&in=primis&hac=in&habitasse=faucibus&platea=orci&dictumst=luctus&maecenas=et&ut=ultrices&massa=posuere&quis=cubilia&augue=curae&luctus=donec&tincidunt=pharetra&nulla=magna&mollis=vestibulum&molestie=aliquet&lorem=ultrices&quisque=erat,102
http://tuttocitta.it/integer.jpg?fusce=velit&lacus=eu&purus=est&aliquet=congue&at=elementum&feugiat=in&non=hac&pretium=habitasse&quis=platea&lectus=dictumst&suspendisse=morbi&potenti=vestibulum&in=velit&eleifend=id&quam=pretium&a=iaculis&odio=diam&in=erat&hac=fermentum&habitasse=justo&platea=nec&dictumst=condimentum&maecenas=neque&ut=sapien&massa=placerat&quis=ante&augue=nulla&luctus=justo&tincidunt=aliquam&nulla=quis&mollis=turpis&molestie=eget&lorem=elit&quisque=sodales&ut=scelerisque&erat=mauris&curabitur=sit&gravida=amet&nisi=eros,268
https://zdnet.com/amet/sapien/dignissim/vestibulum/vestibulum.json?dictumst=ut&morbi=massa&vestibulum=quis&velit=augue&id=luctus&pretium=tincidunt&iaculis=nulla&diam=mollis&erat=molestie&fermentum=lorem&justo=quisque&nec=ut&condimentum=erat&neque=curabitur&sapien=gravida&placerat=nisi&ante=at&nulla=nibh&justo=in&aliquam=hac&quis=habitasse&turpis=platea&eget=dictumst&elit=aliquam&sodales=augue&scelerisque=quam&mauris=sollicitudin&sit=vitae&amet=consectetuer&eros=eget&suspendisse=rutrum&accumsan=at&tortor=lorem&quis=integer&turpis=tincidunt&sed=ante&ante=vel&vivamus=ipsum&tortor=praesent&duis=blandit&mattis=lacinia&egestas=erat&metus=vestibulum&aenean=sed&fermentum=magna&donec=at&ut=nunc&mauris=commodo&eget=placerat&massa=praesent&tempor=blandit&convallis=nam&nulla=nulla&neque=integer&libero=pede&convallis=justo&eget=lacinia&eleifend=eget&luctus=tincidunt&ultricies=eget&eu=tempus&nibh=vel&quisque=pede&id=morbi&justo=porttitor&sit=lorem,126
http://intel.com/curabitur.png?urna=sed&ut=justo&tellus=pellentesque&nulla=viverra&ut=pede&erat=ac&id=diam&mauris=cras&vulputate=pellentesque&elementum=volutpat&nullam=dui&varius=maecenas&nulla=tristique&facilisi=est&cras=et&non=tempus&velit=semper&nec=est&nisi=quam&vulputate=pharetra&nonummy=magna&maecenas=ac&tincidunt=consequat&lacus=metus&at=sapien,219
https://github.com/nisi/vulputate/nonummy/maecenas.json?aliquet=pellentesque&pulvinar=eget&sed=nunc&nisl=donec&nunc=quis&rhoncus=orci&dui=eget&vel=orci&sem=vehicula&sed=condimentum&sagittis=curabitur&nam=in&congue=libero&risus=ut&semper=massa&porta=volutpat&volutpat=convallis&quam=morbi&pede=odio&lobortis=odio&ligula=elementum&sit=eu&amet=interdum&eleifend=eu&pede=tincidunt&libero=in&quis=leo&orci=maecenas&nullam=pulvinar&molestie=lobortis&nibh=est&in=phasellus&lectus=sit&pellentesque=amet&at=erat&nulla=nulla&suspendisse=tempus&potenti=vivamus&cras=in&in=felis&purus=eu&eu=sapien&magna=cursus&vulputate=vestibulum&luctus=proin&cum=eu&sociis=mi&natoque=nulla&penatibus=ac&et=enim&magnis=in&dis=tempor&parturient=turpis&montes=nec&nascetur=euismod&ridiculus=scelerisque&mus=quam&vivamus=turpis&vestibulum=adipiscing&sagittis=lorem&sapien=vitae&cum=mattis&sociis=nibh&natoque=ligula&penatibus=nec&et=sem&magnis=duis&dis=aliquam&parturient=convallis&montes=nunc&nascetur=proin&ridiculus=at&mus=turpis&etiam=a&vel=pede&augue=posuere&vestibulum=nonummy&rutrum=integer&rutrum=non&neque=velit&aenean=donec&auctor=diam&gravida=neque&sem=vestibulum&praesent=eget&id=vulputate&massa=ut&id=ultrices&nisl=vel&venenatis=augue&lacinia=vestibulum&aenean=ante,295
https://devhub.com/lorem/id/ligula/suspendisse/ornare.jsp?vestibulum=fusce&proin=lacus&eu=purus&mi=aliquet&nulla=at&ac=feugiat&enim=non&in=pretium&tempor=quis&turpis=lectus&nec=suspendisse&euismod=potenti&scelerisque=in&quam=eleifend&turpis=quam&adipiscing=a&lorem=odio&vitae=in&mattis=hac&nibh=habitasse&ligula=platea&nec=dictumst&sem=maecenas&duis=ut&aliquam=massa&convallis=quis&nunc=augue&proin=luctus&at=tincidunt&turpis=nulla&a=mollis&pede=molestie&posuere=lorem&nonummy=quisque&integer=ut&non=erat&velit=curabitur&donec=gravida&diam=nisi&neque=at&vestibulum=nibh&eget=in&vulputate=hac&ut=habitasse&ultrices=platea&vel=dictumst&augue=aliquam&vestibulum=augue&ante=quam&ipsum=sollicitudin&primis=vitae&in=consectetuer&faucibus=eget&orci=rutrum&luctus=at&et=lorem&ultrices=integer&posuere=tincidunt&cubilia=ante&curae=vel&donec=ipsum&pharetra=praesent&magna=blandit&vestibulum=lacinia&aliquet=erat&ultrices=vestibulum&erat=sed&tortor=magna&sollicitudin=at&mi=nunc&sit=commodo&amet=placerat&lobortis=praesent&sapien=blandit&sapien=nam&non=nulla&mi=integer&integer=pede&ac=justo&neque=lacinia&duis=eget&bibendum=tincidunt&morbi=eget&non=tempus&quam=vel,234
http://miitbeian.gov.cn/viverra/eget/congue/eget/semper.html?sit=in&amet=imperdiet&sapien=et&dignissim=commodo&vestibulum=vulputate&vestibulum=justo&ante=in&ipsum=blandit&primis=ultrices&in=enim&faucibus=lorem&orci=ipsum&luctus=dolor&et=sit&ultrices=amet&posuere=consectetuer&cubilia=adipiscing&curae=elit&nulla=proin&dapibus=interdum&dolor=mauris&vel=non&est=ligula&donec=pellentesque&odio=ultrices&justo=phasellus&sollicitudin=id&ut=sapien&suscipit=in&a=sapien&feugiat=iaculis&et=congue&eros=vivamus&vestibulum=metus&ac=arcu&est=adipiscing&lacinia=molestie&nisi=hendrerit&venenatis=at&tristique=vulputate&fusce=vitae&congue=nisl&diam=aenean&id=lectus&ornare=pellentesque&imperdiet=eget,194
http://blinklist.com/iaculis.json?non=vestibulum&pretium=sed&quis=magna&lectus=at&suspendisse=nunc&potenti=commodo&in=placerat&eleifend=praesent&quam=blandit&a=nam&odio=nulla&in=integer&hac=pede&habitasse=justo&platea=lacinia&dictumst=eget&maecenas=tincidunt&ut=eget&massa=tempus&quis=vel&augue=pede&luctus=morbi&tincidunt=porttitor&nulla=lorem&mollis=id&molestie=ligula&lorem=suspendisse&quisque=ornare&ut=consequat&erat=lectus&curabitur=in&gravida=est&nisi=risus&at=auctor&nibh=sed&in=tristique&hac=in&habitasse=tempus&platea=sit&dictumst=amet&aliquam=sem&augue=fusce&quam=consequat&sollicitudin=nulla&vitae=nisl&consectetuer=nunc&eget=nisl&rutrum=duis&at=bibendum&lorem=felis&integer=sed&tincidunt=interdum&ante=venenatis&vel=turpis&ipsum=enim&praesent=blandit&blandit=mi&lacinia=in&erat=porttitor&vestibulum=pede&sed=justo&magna=eu&at=massa&nunc=donec&commodo=dapibus&placerat=duis&praesent=at&blandit=velit&nam=eu&nulla=est&integer=congue&pede=elementum&justo=in&lacinia=hac&eget=habitasse&tincidunt=platea&eget=dictumst&tempus=morbi&vel=vestibulum&pede=velit&morbi=id&porttitor=pretium&lorem=iaculis&id=diam,213
http://is.gd/ut/erat/id/mauris/vulputate/elementum/nullam.json?sollicitudin=nec&mi=dui&sit=luctus&amet=rutrum&lobortis=nulla&sapien=tellus&sapien=in&non=sagittis&mi=dui&integer=vel&ac=nisl&neque=duis&duis=ac&bibendum=nibh&morbi=fusce&non=lacus&quam=purus&nec=aliquet&dui=at&luctus=feugiat&rutrum=non&nulla=pretium&tellus=quis&in=lectus&sagittis=suspendisse&dui=potenti&vel=in&nisl=eleifend&duis=quam&ac=a&nibh=odio,264
http://hc360.com/vel/nulla/eget/eros/elementum/pellentesque.js?bibendum=elementum&morbi=in&non=hac&quam=habitasse&nec=platea&dui=dictumst&luctus=morbi&rutrum=vestibulum&nulla=velit&tellus=id&in=pretium&sagittis=iaculis&dui=diam&vel=erat&nisl=fermentum&duis=justo&ac=nec&nibh=condimentum&fusce=neque&lacus=sapien&purus=placerat&aliquet=ante,273
http://eventbrite.com/odio/consequat/varius/integer/ac/leo/pellentesque.png?pede=lobortis&malesuada=est&in=phasellus&imperdiet=sit&et=amet&commodo=erat&vulputate=nulla&justo=tempus&in=vivamus&blandit=in&ultrices=felis&enim=eu&lorem=sapien&ipsum=cursus&dolor=vestibulum&sit=proin&amet=eu&consectetuer=mi&adipiscing=nulla&elit=ac&proin=enim&interdum=in&mauris=tempor&non=turpis&ligula=nec&pellentesque=euismod&ultrices=scelerisque&phasellus=quam&id=turpis&sapien=adipiscing&in=lorem&sapien=vitae&iaculis=mattis&congue=nibh&vivamus=ligula&metus=nec&arcu=sem&adipiscing=duis&molestie=aliquam&hendrerit=convallis&at=nunc&vulputate=proin&vitae=at&nisl=turpis&aenean=a&lectus=pede&pellentesque=posuere&eget=nonummy&nunc=integer&donec=non&quis=velit&orci=donec&eget=diam&orci=neque&vehicula=vestibulum,240
https://wsj.com/nam.html?nulla=pellentesque&tellus=ultrices&in=phasellus&sagittis=id&dui=sapien&vel=in&nisl=sapien&duis=iaculis&ac=congue&nibh=vivamus&fusce=metus&lacus=arcu&purus=adipiscing&aliquet=molestie&at=hendrerit&feugiat=at&non=vulputate&pretium=vitae&quis=nisl&lectus=aenean&suspendisse=lectus&potenti=pellentesque&in=eget&eleifend=nunc&quam=donec&a=quis&odio=orci&in=eget&hac=orci&habitasse=vehicula&platea=condimentum&dictumst=curabitur&maecenas=in&ut=libero&massa=ut&quis=massa&augue=volutpat&luctus=convallis&tincidunt=morbi&nulla=odio&mollis=odio&molestie=elementum&lorem=eu&quisque=interdum&ut=eu&erat=tincidunt&curabitur=in&gravida=leo&nisi=maecenas&at=pulvinar&nibh=lobortis&in=est&hac=phasellus&habitasse=sit&platea=amet&dictumst=erat&aliquam=nulla&augue=tempus&quam=vivamus&sollicitudin=in&vitae=felis&consectetuer=eu&eget=sapien&rutrum=cursus&at=vestibulum&lorem=proin&integer=eu&tincidunt=mi&ante=nulla&vel=ac&ipsum=enim&praesent=in,236
https://wikia.com/felis.json?nam=praesent&congue=id&risus=massa&semper=id&porta=nisl&volutpat=venenatis&quam=lacinia&pede=aenean&lobortis=sit&ligula=amet&sit=justo&amet=morbi&eleifend=ut&pede=odio&libero=cras&quis=mi&orci=pede&nullam=malesuada&molestie=in&nibh=imperdiet&in=et&lectus=commodo&pellentesque=vulputate&at=justo&nulla=in&suspendisse=blandit&potenti=ultrices&cras=enim&in=lorem&purus=ipsum&eu=dolor&magna=sit&vulputate=amet&luctus=consectetuer&cum=adipiscing&sociis=elit&natoque=proin&penatibus=interdum&et=mauris&magnis=non&dis=ligula&parturient=pellentesque&montes=ultrices&nascetur=phasellus&ridiculus=id&mus=sapien&vivamus=in&vestibulum=sapien&sagittis=iaculis&sapien=congue&cum=vivamus,27
http://networksolutions.com/dolor.png?purus=sed&phasellus=interdum&in=venenatis&felis=turpis&donec=enim&semper=blandit&sapien=mi&a=in&libero=porttitor&nam=pede&dui=justo&proin=eu&leo=massa&odio=donec&porttitor=dapibus&id=duis&consequat=at&in=velit&consequat=eu&ut=est&nulla=congue&sed=elementum&accumsan=in&felis=hac&ut=habitasse&at=platea&dolor=dictumst&quis=morbi&odio=vestibulum&consequat=velit&varius=id&integer=pretium&ac=iaculis&leo=diam&pellentesque=erat&ultrices=fermentum&mattis=justo&odio=nec&donec=condimentum&vitae=neque&nisi=sapien&nam=placerat&ultrices=ante&libero=nulla&non=justo&mattis=aliquam&pulvinar=quis&nulla=turpis&pede=eget&ullamcorper=elit&augue=sodales&a=scelerisque&suscipit=mauris&nulla=sit&elit=amet&ac=eros,286
http://1und1.de/ligula/nec/sem/duis/aliquam/convallis.png?morbi=elementum&non=ligula&lectus=vehicula&aliquam=consequat&sit=morbi&amet=a&diam=ipsum&in=integer&magna=a&bibendum=nibh&imperdiet=in&nullam=quis&orci=justo&pede=maecenas&venenatis=rhoncus&non=aliquam&sodales=lacus&sed=morbi&tincidunt=quis&eu=tortor&felis=id&fusce=nulla&posuere=ultrices&felis=aliquet&sed=maecenas&lacus=leo&morbi=odio&sem=condimentum&mauris=id&laoreet=luctus&ut=nec&rhoncus=molestie&aliquet=sed&pulvinar=justo&sed=pellentesque&nisl=viverra&nunc=pede&rhoncus=ac&dui=diam&vel=cras&sem=pellentesque&sed=volutpat&sagittis=dui&nam=maecenas&congue=tristique&risus=est&semper=et&porta=tempus&volutpat=semper&quam=est&pede=quam&lobortis=pharetra&ligula=magna&sit=ac&amet=consequat&eleifend=metus&pede=sapien&libero=ut&quis=nunc&orci=vestibulum&nullam=ante&molestie=ipsum&nibh=primis&in=in&lectus=faucibus,208
http://delicious.com/dictumst/maecenas/ut/massa.png?ut=dapibus&volutpat=duis&sapien=at&arcu=velit&sed=eu&augue=est&aliquam=congue&erat=elementum&volutpat=in&in=hac&congue=habitasse&etiam=platea&justo=dictumst&etiam=morbi&pretium=vestibulum&iaculis=velit&justo=id&in=pretium&hac=iaculis&habitasse=diam&platea=erat&dictumst=fermentum&etiam=justo&faucibus=nec&cursus=condimentum&urna=neque&ut=sapien&tellus=placerat&nulla=ante&ut=nulla&erat=justo&id=aliquam&mauris=quis&vulputate=turpis&elementum=eget&nullam=elit&varius=sodales&nulla=scelerisque&facilisi=mauris&cras=sit&non=amet&velit=eros&nec=suspendisse&nisi=accumsan&vulputate=tortor&nonummy=quis&maecenas=turpis&tincidunt=sed&lacus=ante&at=vivamus&velit=tortor&vivamus=duis&vel=mattis&nulla=egestas&eget=metus&eros=aenean&elementum=fermentum&pellentesque=donec&quisque=ut&porta=mauris&volutpat=eget&erat=massa&quisque=tempor&erat=convallis,288
http://netvibes.com/quam/nec/dui/luctus.aspx?ultrices=ultrices&aliquet=vel&maecenas=augue&leo=vestibulum&odio=ante&condimentum=ipsum&id=primis&luctus=in&nec=faucibus&molestie=orci&sed=luctus&justo=et&pellentesque=ultrices&viverra=posuere&pede=cubilia&ac=curae&diam=donec&cras=pharetra&pellentesque=magna&volutpat=vestibulum&dui=aliquet&maecenas=ultrices&tristique=erat&est=tortor&et=sollicitudin&tempus=mi&semper=sit&est=amet&quam=lobortis&pharetra=sapien&magna=sapien&ac=non&consequat=mi&metus=integer&sapien=ac&ut=neque&nunc=duis&vestibulum=bibendum&ante=morbi&ipsum=non&primis=quam&in=nec&faucibus=dui&orci=luctus&luctus=rutrum&et=nulla&ultrices=tellus&posuere=in&cubilia=sagittis&curae=dui&mauris=vel&viverra=nisl&diam=duis&vitae=ac&quam=nibh&suspendisse=fusce&potenti=lacus&nullam=purus&porttitor=aliquet&lacus=at&at=feugiat&turpis=non&donec=pretium&posuere=quis&metus=lectus&vitae=suspendisse&ipsum=potenti&aliquam=in&non=eleifend&mauris=quam&morbi=a&non=odio&lectus=in&aliquam=hac&sit=habitasse&amet=platea&diam=dictumst&in=maecenas&magna=ut&bibendum=massa&imperdiet=quis&nullam=augue&orci=luctus&pede=tincidunt&venenatis=nulla&non=mollis&sodales=molestie&sed=lorem&tincidunt=quisque&eu=ut&felis=erat&fusce=curabitur&posuere=gravida&felis=nisi&sed=at&lacus=nibh&morbi=in,254
https://indiegogo.com/lobortis/ligula/sit/amet/eleifend/pede.jsp?praesent=quisque&id=porta&massa=volutpat&id=erat&nisl=quisque&venenatis=erat&lacinia=eros&aenean=viverra&sit=eget&amet=congue&justo=eget&morbi=semper&ut=rutrum&odio=nulla&cras=nunc&mi=purus&pede=phasellus&malesuada=in&in=felis&imperdiet=donec&et=semper&commodo=sapien&vulputate=a&justo=libero&in=nam&blandit=dui&ultrices=proin&enim=leo&lorem=odio&ipsum=porttitor&dolor=id&sit=consequat&amet=in&consectetuer=consequat&adipiscing=ut&elit=nulla&proin=sed&interdum=accumsan&mauris=felis&non=ut&ligula=at&pellentesque=dolor&ultrices=quis&phasellus=odio&id=consequat&sapien=varius&in=integer&sapien=ac&iaculis=leo&congue=pellentesque&vivamus=ultrices&metus=mattis&arcu=odio&adipiscing=donec&molestie=vitae&hendrerit=nisi&at=nam&vulputate=ultrices&vitae=libero&nisl=non&aenean=mattis&lectus=pulvinar&pellentesque=nulla&eget=pede&nunc=ullamcorper&donec=augue,221
http://nifty.com/feugiat/non/pretium.js?integer=turpis&ac=eget&neque=elit&duis=sodales&bibendum=scelerisque&morbi=mauris&non=sit&quam=amet&nec=eros&dui=suspendisse&luctus=accumsan&rutrum=tortor&nulla=quis&tellus=turpis&in=sed&sagittis=ante&dui=vivamus&vel=tortor&nisl=duis&duis=mattis&ac=egestas&nibh=metus&fusce=aenean&lacus=fermentum&purus=donec&aliquet=ut&at=mauris&feugiat=eget&non=massa&pretium=tempor&quis=convallis&lectus=nulla&suspendisse=neque&potenti=libero&in=convallis&eleifend=eget&quam=eleifend&a=luctus&odio=ultricies&in=eu&hac=nibh&habitasse=quisque,235
http://networkadvertising.org/pellentesque/volutpat/dui/maecenas/tristique/est.js?arcu=nullam&sed=sit&augue=amet&aliquam=turpis&erat=elementum&volutpat=ligula&in=vehicula&congue=consequat&etiam=morbi&justo=a&etiam=ipsum&pretium=integer&iaculis=a&justo=nibh&in=in&hac=quis&habitasse=justo&platea=maecenas&dictumst=rhoncus&etiam=aliquam&faucibus=lacus&cursus=morbi&urna=quis&ut=tortor&tellus=id&nulla=nulla&ut=ultrices&erat=aliquet&id=maecenas&mauris=leo&vulputate=odio&elementum=condimentum&nullam=id&varius=luctus&nulla=nec&facilisi=molestie&cras=sed&non=justo&velit=pellentesque&nec=viverra&nisi=pede&vulputate=ac&nonummy=diam&maecenas=cras&tincidunt=pellentesque&lacus=volutpat&at=dui&velit=maecenas&vivamus=tristique&vel=est&nulla=et&eget=tempus&eros=semper&elementum=est&pellentesque=quam&quisque=pharetra&porta=magna&volutpat=ac&erat=consequat&quisque=metus&erat=sapien&eros=ut&viverra=nunc&eget=vestibulum&congue=ante&eget=ipsum&semper=primis&rutrum=in&nulla=faucibus&nunc=orci&purus=luctus&phasellus=et&in=ultrices&felis=posuere&donec=cubilia&semper=curae&sapien=mauris&a=viverra&libero=diam&nam=vitae&dui=quam&proin=suspendisse&leo=potenti&odio=nullam&porttitor=porttitor&id=lacus&consequat=at&in=turpis&consequat=donec&ut=posuere&nulla=metus&sed=vitae&accumsan=ipsum&felis=aliquam&ut=non&at=mauris&dolor=morbi&quis=non&odio=lectus&consequat=aliquam,264
http://liveinternet.ru/pretium/quis/lectus.js?rhoncus=elit&aliquam=proin&lacus=risus&morbi=praesent&quis=lectus&tortor=vestibulum&id=quam&nulla=sapien&ultrices=varius&aliquet=ut&maecenas=blandit&leo=non&odio=interdum&condimentum=in&id=ante&luctus=vestibulum&nec=ante&molestie=ipsum&sed=primis&justo=in&pellentesque=faucibus&viverra=orci&pede=luctus&ac=et&diam=ultrices&cras=posuere&pellentesque=cubilia&volutpat=curae&dui=duis&maecenas=faucibus&tristique=accumsan,241
https://youtu.be/sit.png?ut=fusce&volutpat=congue&sapien=diam&arcu=id&sed=ornare&augue=imperdiet&aliquam=sapien&erat=urna&volutpat=pretium&in=nisl&congue=ut&etiam=volutpat&justo=sapien&etiam=arcu&pretium=sed&iaculis=augue&justo=aliquam&in=erat&hac=volutpat&habitasse=in&platea=congue&dictumst=etiam&etiam=justo&faucibus=etiam&cursus=pretium&urna=iaculis&ut=justo&tellus=in&nulla=hac&ut=habitasse&erat=platea&id=dictumst&mauris=etiam&vulputate=faucibus&elementum=cursus&nullam=urna&varius=ut&nulla=tellus&facilisi=nulla&cras=ut&non=erat&velit=id&nec=mauris&nisi=vulputate&vulputate=elementum&nonummy=nullam&maecenas=varius&tincidunt=nulla&lacus=facilisi&at=cras&velit=non&vivamus=velit&vel=nec&nulla=nisi&eget=vulputate&eros=nonummy&elementum=maecenas&pellentesque=tincidunt&quisque=lacus&porta=at&volutpat=velit&erat=vivamus&quisque=vel&erat=nulla&eros=eget&viverra=eros&eget=elementum&congue=pellentesque&eget=quisque&semper=porta&rutrum=volutpat,231
http://patch.com/purus/sit/amet/nulla.jpg?nullam=fusce&varius=consequat&nulla=nulla&facilisi=nisl&cras=nunc&non=nisl&velit=duis&nec=bibendum&nisi=felis&vulputate=sed&nonummy=interdum&maecenas=venenatis&tincidunt=turpis&lacus=enim&at=blandit&velit=mi&vivamus=in&vel=porttitor&nulla=pede&eget=justo&eros=eu&elementum=massa&pellentesque=donec&quisque=dapibus&porta=duis&volutpat=at&erat=velit&quisque=eu&erat=est&eros=congue&viverra=elementum&eget=in&congue=hac&eget=habitasse&semper=platea&rutrum=dictumst&nulla=morbi&nunc=vestibulum&purus=velit&phasellus=id&in=pretium&felis=iaculis&donec=diam&semper=erat&sapien=fermentum&a=justo&libero=nec&nam=condimentum&dui=neque&proin=sapien&leo=placerat&odio=ante&porttitor=nulla&id=justo&consequat=aliquam&in=quis&consequat=turpis&ut=eget&nulla=elit&sed=sodales&accumsan=scelerisque&felis=mauris&ut=sit&at=amet&dolor=eros&quis=suspendisse&odio=accumsan&consequat=tortor&varius=quis&integer=turpis&ac=sed&leo=ante&pellentesque=vivamus&ultrices=tortor&mattis=duis&odio=mattis&donec=egestas&vitae=metus&nisi=aenean&nam=fermentum&ultrices=donec&libero=ut&non=mauris&mattis=eget&pulvinar=massa&nulla=tempor&pede=convallis&ullamcorper=nulla&augue=neque&a=libero&suscipit=convallis,224
http://4shared.com/orci/pede/venenatis/non/sodales/sed.js?sed=maecenas&lacus=rhoncus&morbi=aliquam&sem=lacus&mauris=morbi&laoreet=quis&ut=tortor&rhoncus=id&aliquet=nulla&pulvinar=ultrices&sed=aliquet&nisl=maecenas&nunc=leo&rhoncus=odio&dui=condimentum&vel=id&sem=luctus&sed=nec&sagittis=molestie&nam=sed&congue=justo&risus=pellentesque&semper=viverra&porta=pede&volutpat=ac&quam=diam&pede=cras&lobortis=pellentesque&ligula=volutpat&sit=dui&amet=maecenas&eleifend=tristique&pede=est&libero=et&quis=tempus&orci=semper&nullam=est&molestie=quam&nibh=pharetra&in=magna&lectus=ac&pellentesque=consequat&at=metus&nulla=sapien&suspendisse=ut&potenti=nunc&cras=vestibulum&in=ante&purus=ipsum&eu=primis&magna=in&vulputate=faucibus&luctus=orci&cum=luctus&sociis=et&natoque=ultrices&penatibus=posuere&et=cubilia&magnis=curae&dis=mauris&parturient=viverra&montes=diam&nascetur=vitae&ridiculus=quam&mus=suspendisse&vivamus=potenti&vestibulum=nullam&sagittis=porttitor&sapien=lacus&cum=at&sociis=turpis&natoque=donec&penatibus=posuere&et=metus&magnis=vitae&dis=ipsum&parturient=aliquam&montes=non&nascetur=mauris&ridiculus=morbi&mus=non&etiam=lectus&vel=aliquam&augue=sit&vestibulum=amet&rutrum=diam&rutrum=in&neque=magna&aenean=bibendum&auctor=imperdiet,281
https://senate.gov/faucibus/orci/luctus/et/ultrices/posuere/cubilia.js?sed=mi&justo=sit&pellentesque=amet&viverra=lobortis&pede=sapien&ac=sapien,367
http://omniture.com/aliquam/erat/volutpat/in/congue/etiam.aspx?pede=vestibulum,200
http://is.gd/neque/aenean/auctor/gravida/sem.js?sagittis=feugiat&dui=et&vel=eros&nisl=vestibulum&duis=ac&ac=est&nibh=lacinia&fusce=nisi&lacus=venenatis&purus=tristique&aliquet=fusce&at=congue&feugiat=diam&non=id&pretium=ornare&quis=imperdiet&lectus=sapien&suspendisse=urna&potenti=pretium&in=nisl&eleifend=ut&quam=volutpat&a=sapien&odio=arcu&in=sed&hac=augue&habitasse=aliquam&platea=erat&dictumst=volutpat&maecenas=in&ut=congue&massa=etiam&quis=justo&augue=etiam&luctus=pretium&tincidunt=iaculis&nulla=justo&mollis=in&molestie=hac&lorem=habitasse&quisque=platea&ut=dictumst&erat=etiam&curabitur=faucibus&gravida=cursus&nisi=urna&at=ut&nibh=tellus&in=nulla&hac=ut&habitasse=erat&platea=id&dictumst=mauris&aliquam=vulputate&augue=elementum&quam=nullam&sollicitudin=varius&vitae=nulla&consectetuer=facilisi&eget=cras&rutrum=non&at=velit&lorem=nec&integer=nisi&tincidunt=vulputate&ante=nonummy&vel=maecenas&ipsum=tincidunt&praesent=lacus,277
https://sciencedaily.com/id/nulla/ultrices/aliquet/maecenas/leo/odio.aspx?nulla=sapien&justo=in&aliquam=sapien&quis=iaculis&turpis=congue&eget=vivamus&elit=metus&sodales=arcu&scelerisque=adipiscing&mauris=molestie&sit=hendrerit&amet=at&eros=vulputate&suspendisse=vitae&accumsan=nisl&tortor=aenean&quis=lectus&turpis=pellentesque&sed=eget&ante=nunc&vivamus=donec&tortor=quis&duis=orci&mattis=eget&egestas=orci&metus=vehicula&aenean=condimentum&fermentum=curabitur&donec=in&ut=libero&mauris=ut&eget=massa&massa=volutpat&tempor=convallis&convallis=morbi&nulla=odio&neque=odio&libero=elementum&convallis=eu&eget=interdum&eleifend=eu&luctus=tincidunt&ultricies=in&eu=leo&nibh=maecenas&quisque=pulvinar&id=lobortis&justo=est&sit=phasellus&amet=sit&sapien=amet&dignissim=erat&vestibulum=nulla&vestibulum=tempus&ante=vivamus&ipsum=in&primis=felis&in=eu&faucibus=sapien&orci=cursus&luctus=vestibulum&et=proin&ultrices=eu&posuere=mi&cubilia=nulla&curae=ac&nulla=enim,145
http://i2i.jp/cursus.json?at=nibh&dolor=ligula&quis=nec&odio=sem,213
https://barnesandnoble.com/leo/odio/porttitor.png?elit=nisl&sodales=duis&scelerisque=bibendum&mauris=felis&sit=sed&amet=interdum&eros=venenatis&suspendisse=turpis,244
http://nih.gov/vulputate/justo/in/blandit/ultrices.json?congue=tortor&etiam=sollicitudin&justo=mi&etiam=sit&pretium=amet&iaculis=lobortis&justo=sapien&in=sapien&hac=non&habitasse=mi&platea=integer&dictumst=ac&etiam=neque&faucibus=duis&cursus=bibendum&urna=morbi&ut=non&tellus=quam&nulla=nec&ut=dui&erat=luctus&id=rutrum&mauris=nulla&vulputate=tellus&elementum=in&nullam=sagittis&varius=dui&nulla=vel&facilisi=nisl&cras=duis&non=ac&velit=nibh&nec=fusce&nisi=lacus,249
https://dropbox.com/nascetur/ridiculus/mus.jsp?posuere=enim&cubilia=in&curae=tempor&duis=turpis&faucibus=nec&accumsan=euismod&odio=scelerisque&curabitur=quam&convallis=turpis&duis=adipiscing&consequat=lorem&dui=vitae&nec=mattis&nisi=nibh&volutpat=ligula&eleifend=nec&donec=sem&ut=duis&dolor=aliquam&morbi=convallis&vel=nunc&lectus=proin&in=at&quam=turpis&fringilla=a&rhoncus=pede&mauris=posuere&enim=nonummy&leo=integer&rhoncus=non&sed=velit&vestibulum=donec&sit=diam&amet=neque&cursus=vestibulum&id=eget&turpis=vulputate&integer=ut&aliquet=ultrices&massa=vel&id=augue&lobortis=vestibulum&convallis=ante&tortor=ipsum&risus=primis&dapibus=in&augue=faucibus&vel=orci&accumsan=luctus&tellus=et&nisi=ultrices&eu=posuere&orci=cubilia&mauris=curae&lacinia=donec&sapien=pharetra&quis=magna&libero=vestibulum&nullam=aliquet&sit=ultrices&amet=erat&turpis=tortor&elementum=sollicitudin&ligula=mi&vehicula=sit&consequat=amet&morbi=lobortis&a=sapien&ipsum=sapien&integer=non&a=mi&nibh=integer&in=ac&quis=neque&justo=duis&maecenas=bibendum&rhoncus=morbi&aliquam=non&lacus=quam&morbi=nec&quis=dui&tortor=luctus&id=rutrum&nulla=nulla&ultrices=tellus&aliquet=in&maecenas=sagittis&leo=dui&odio=vel&condimentum=nisl&id=duis&luctus=ac&nec=nibh&molestie=fusce&sed=lacus&justo=purus&pellentesque=aliquet,245
http://github.io/nibh/in/hac/habitasse.jsp?eget=vel&massa=est&tempor=donec&convallis=odio&nulla=justo&neque=sollicitudin&libero=ut&convallis=suscipit&eget=a&eleifend=feugiat&luctus=et&ultricies=eros&eu=vestibulum&nibh=ac&quisque=est&id=lacinia&justo=nisi&sit=venenatis&amet=tristique&sapien=fusce&dignissim=congue&vestibulum=diam&vestibulum=id&ante=ornare&ipsum=imperdiet&primis=sapien&in=urna&faucibus=pretium&orci=nisl&luctus=ut&et=volutpat&ultrices=sapien&posuere=arcu&cubilia=sed&curae=augue&nulla=aliquam&dapibus=erat&dolor=volutpat&vel=in&est=congue&donec=etiam&odio=justo&justo=etiam&sollicitudin=pretium&ut=iaculis,276
https://nhs.uk/molestie/hendrerit/at/vulputate/vitae/nisl/aenean.jsp?morbi=dui&vel=nec&lectus=nisi&in=volutpat&quam=eleifend&fringilla=donec&rhoncus=ut&mauris=dolor&enim=morbi&leo=vel&rhoncus=lectus&sed=in&vestibulum=quam&sit=fringilla&amet=rhoncus&cursus=mauris&id=enim&turpis=leo&integer=rhoncus&aliquet=sed&massa=vestibulum&id=sit&lobortis=amet&convallis=cursus&tortor=id&risus=turpis&dapibus=integer&augue=aliquet&vel=massa&accumsan=id&tellus=lobortis&nisi=convallis&eu=tortor&orci=risus&mauris=dapibus&lacinia=augue&sapien=vel&quis=accumsan&libero=tellus&nullam=nisi&sit=eu&amet=orci&turpis=mauris&elementum=lacinia&ligula=sapien&vehicula=quis&consequat=libero&morbi=nullam&a=sit&ipsum=amet&integer=turpis&a=elementum&nibh=ligula&in=vehicula&quis=consequat&justo=morbi&maecenas=a&rhoncus=ipsum&aliquam=integer&lacus=a&morbi=nibh&quis=in&tortor=quis&id=justo&nulla=maecenas&ultrices=rhoncus&aliquet=aliquam&maecenas=lacus&leo=morbi&odio=quis&condimentum=tortor,280
