arcu. Sed,DDA25IWV7KO,in@elitpharetra.co.uk,Brianna Hughes,(334) 293-4187,3
Sed eget,AUN15VET3QE,sem@Sedpharetra.org,Leroy Doyle,(236) 804-7632,26
at sem,DAQ39ELS4CP,adipiscing.lacus@nonduinec.com,Kelly Chambers,(943) 194-6527,127
auctor. Mauris,YHK59KBJ2LK,eros.Proin.ultrices@ultricesDuis.ca,Edan Williams,(343) 863-3738,72
consectetuer adipiscing,DGC96RGX3GN,Proin@adipiscingelitCurabitur.com,Zachary Mccoy,(111) 140-0122,70
ante. Nunc,ZVI60OZF3XH,sit@ligula.net,Kaseem Cox,(824) 258-6141,217
Suspendisse dui.,SNR80GLY1VB,mauris@lectus.ca,Ria Park,(909) 395-1905,266
luctus et,XMQ85QQG3OL,Quisque@nibhdolornonummy.org,Jenette Hale,(935) 956-2008,127
sapien molestie,GAS24JJN2MD,nisl.Nulla@eutellus.com,Fiona Pope,(934) 725-5454,271
imperdiet dictum,QBW12KBT3SE,Aliquam.auctor@magna.edu,Madeson Walker,(329) 657-1838,210
"montes, nascetur",BLB40TJM7AC,ornare@atpretium.edu,Yoshi Frost,(949) 986-0071,45
Ut tincidunt,VIS32OVT1IR,a@faucibus.net,Gareth Lambert,(571) 536-2915,50
magna. Phasellus,YTZ54DKA3IU,lobortis@nequeet.net,Coby Haynes,(500) 816-6384,97
erat semper,EZE65UFP2CT,mollis.nec.cursus@lobortismaurisSuspendisse.ca,Clinton Avila,(502) 356-8615,24
mattis. Integer,WGU21UPI0YY,ut@venenatis.org,Wylie Maxwell,(630) 174-8162,107
Vivamus non,RDY31SVR2YC,egestas.Duis.ac@turpis.net,Brooke Williams,(417) 680-3272,291
Aliquam rutrum,ZAF01SJQ2YH,egestas@adipiscing.com,Nathaniel Alvarez,(166) 382-5886,188
nisi. Aenean,AAK29ALJ8JX,turpis@dictumeu.org,Derek Ford,(260) 521-7672,89
vestibulum. Mauris,ERT79TTU4WG,dignissim.Maecenas@ornarelectus.ca,Noble Mcgowan,(477) 337-6517,39
"elit, a",GIX12BLL4GV,nulla.magna@acmattis.co.uk,Jakeem Velazquez,(866) 550-3553,72
convallis convallis,WNF16MAS1FR,lorem.sit@turpisegestasFusce.com,Davis Clements,(807) 221-1813,253
lorem semper,HSQ48IFL8PB,nunc@In.com,Galvin Mcbride,(733) 569-7710,20
velit egestas,CUY08OZC6LW,orci.adipiscing.non@cursusdiam.ca,Jerry Hendrix,(974) 758-3987,64
rhoncus. Donec,MST08YNH1LK,enim@inconsectetuer.org,Yvette Tillman,(506) 721-4870,94
"aliquet vel,",BJW42WAO3MM,convallis@anteMaecenasmi.org,Ria Butler,(776) 487-9869,28
malesuada fames,IAB38IUA6GU,fringilla.euismod.enim@molestiearcuSed.ca,Caldwell Stanley,(466) 980-7116,32
sagittis. Duis,QLE80NLX8TG,eget@leo.edu,Brianna Berger,(253) 141-4474,17
lobortis mauris.,BRB60XAZ6KL,aliquam@eunullaat.com,Vladimir Mccormick,(969) 534-2372,67
magna. Ut,YCQ03IXW8DC,magna.Duis@estNunc.net,Kane Day,(668) 335-6946,230
ipsum ac,HFQ23WPF1OD,neque.Sed.eget@Nullamsuscipit.edu,Dean Barr,(518) 770-4034,193
mauris erat,KOS87OYT8VM,sit.amet@Pellentesquehabitantmorbi.edu,Briar Burch,(310) 985-4740,260
convallis ligula.,DPQ05STR2OZ,lacinia.vitae.sodales@mattissemperdui.edu,Amber Lamb,(125) 952-0078,253
metus eu,FNQ48OUF5PV,penatibus.et@auctorquistristique.net,Myra Mathis,(311) 639-8493,22
arcu eu,GYF57EFA5LN,dictum@feliseget.ca,Marvin Russell,(577) 459-4084,98
Suspendisse sagittis.,IBE61WAY2EQ,sit@blandit.net,Alvin Mclaughlin,(915) 816-1246,198
Nulla facilisi.,QTW96YZO7YZ,sollicitudin.a@Phasellusfermentum.net,Adele Reeves,(373) 503-6932,161
malesuada malesuada.,CVA76NWX5LW,Integer.id@dolor.com,Lacey Sweet,(771) 331-4848,67
molestie tellus.,DDK49TJY2HS,sed@maurissapien.co.uk,Breanna Joyner,(529) 338-6096,228
elit erat,TXW12VPK5FI,posuere@Nuncmauris.co.uk,Walter Hodges,(396) 238-5333,115
eros. Nam,LAZ32WRR7GA,eget.nisi.dictum@dui.org,Brooke Barlow,(459) 526-0197,148
"eu, odio.",BBH08FFS0MF,eu.enim.Etiam@acorciUt.ca,Rana Young,(232) 196-9125,58
ipsum. Phasellus,FFX25HRK4TW,in@egestasFuscealiquet.com,Hammett Pitts,(449) 581-3179,63
hendrerit neque.,HEG57NZA7YH,sit.amet@nequenon.net,Aimee Stein,(914) 330-2401,274
felis purus,RTR95RBO3TQ,aliquam.eu.accumsan@turpisNulla.com,Davis Singleton,(469) 315-9508,227
odio. Etiam,JRF78BFF2RR,augue@Phasellus.co.uk,Cora Collier,(720) 354-4988,233
neque et,YLK88YGQ0EX,risus.quis.diam@pedeetrisus.net,Leo Dudley,(883) 501-0626,33
turpis non,QUI81COY7NP,quis@vehicula.co.uk,Rina Parsons,(761) 611-4224,17
ac nulla.,LLG75AOY2HA,ligula.Aenean.gravida@Etiam.co.uk,Mary Hatfield,(975) 838-4128,88
vitae nibh.,EGY15LJL4GK,nunc.nulla@velconvallisin.edu,Merrill Albert,(845) 715-6818,95
orci luctus,ZJH90GEW5TV,Lorem.ipsum.dolor@litora.com,Alyssa Mcclure,(483) 214-3362,255
at auctor,HCU07WQP0QL,vel@tincidunt.net,Wanda Byers,(408) 461-9409,41
mauris sit,UCA08KPB2EW,sagittis@odio.com,Dawn Owens,(978) 213-4108,213
luctus aliquet,GMT19IUD4IP,orci.lobortis@sed.net,Nora Watts,(160) 872-7955,20
Nulla facilisi.,ZBI31QYD1ZZ,pede.Suspendisse@magnaSedeu.com,Guy Luna,(485) 979-4882,75
ipsum non,HAW24EWX2BT,sit.amet.ante@velitSed.co.uk,Chester Pollard,(716) 703-3384,187
"leo, in",ZUZ69CKC0VT,Fusce@commodo.co.uk,Sheila Johnson,(571) 558-8304,53
"ullamcorper, velit",STC05YDX4DV,ut@antelectus.edu,Stephen Torres,(131) 476-2703,201
"ultrices a,",UDZ56YIZ9LR,Sed@sitamet.net,Camilla Mckee,(535) 840-6878,17
"purus, accumsan",CYC13OHI4YW,est.mollis.non@tinciduntnibh.edu,Riley Melton,(460) 847-7564,7
"nec, imperdiet",AQH64ANZ2KS,blandit.viverra@nasceturridiculusmus.com,Erasmus Sherman,(278) 234-8837,270
metus eu,XUJ30ALV3QO,Nullam.nisl@euismod.com,Macon Lee,(758) 225-2131,212
Vivamus non,AKC99XCI2AJ,aliquet.odio.Etiam@gravida.co.uk,Yoshi Cash,(750) 638-4559,216
"in, dolor.",BPP41WKT2WJ,ipsum@ullamcorper.org,Magee Glenn,(983) 175-6607,21
"nec, mollis",DUN42FTA0NW,et.magnis.dis@aliquamarcu.org,Yetta Tucker,(657) 240-0134,114
tincidunt adipiscing.,TCK57NXL9MN,libero.at@tinciduntDonec.edu,Priscilla Calderon,(221) 550-3995,180
mauris id,IDR25LAJ5OL,eu@at.org,Rinah Mayo,(868) 150-9517,132
natoque penatibus,OFE21PUE1FI,Phasellus.in@Aeneanegestashendrerit.co.uk,Sloane Landry,(621) 429-1018,209
lacus vestibulum,MRD44ARC4IL,Nam.interdum.enim@tristiquesenectuset.com,Zelda Wolfe,(494) 525-1090,134
eros. Proin,VNX97DAF9NC,diam.Duis@lectusquismassa.com,Kirsten Jenkins,(278) 598-0270,14
massa. Quisque,RCP67CQK7WT,dapibus.ligula@loremluctusut.org,Daquan Whitfield,(211) 540-8929,201
Sed eu,BZK60TNI7JG,Mauris.quis@lacusUt.co.uk,Yoshio Foster,(853) 741-4502,192
Cras sed,SGS71JHA6NK,Mauris@vehiculaaliquetlibero.ca,Eaton Ryan,(639) 952-5996,194
faucibus. Morbi,PZO48ZQZ7MV,lectus.pede.ultrices@apurusDuis.edu,Giacomo Mathews,(519) 899-6006,233
erat vitae,KHF44HCO0BI,sit.amet@erategettincidunt.co.uk,Kirby Calhoun,(832) 705-4412,242
metus vitae,JJY94VRH5UJ,ridiculus.mus@mollis.co.uk,Karly Mills,(581) 133-0963,128
lorem semper,LKX61MGT4SU,interdum.feugiat.Sed@massaQuisque.com,Desirae Clayton,(399) 945-3756,190
arcu. Sed,KKJ88COS8JT,Integer@auctor.com,Charde Williams,(423) 890-6241,160
"ullamcorper, nisl",QLU86GNO5JL,consequat.lectus@ultrices.net,Wilma Hays,(353) 466-7890,288
Suspendisse eleifend.,TBQ07DNA7UF,placerat.augue.Sed@felisullamcorperviverra.net,Owen Wiley,(383) 253-7914,121
Proin nisl,QBC37XBH6QA,lorem@Maurisquisturpis.co.uk,Burton Mcintosh,(820) 424-7948,298
"et, rutrum",VDC77KEO3HT,facilisis.lorem.tristique@laoreetipsum.org,Jordan Hines,(440) 863-3984,65
Proin vel,PHF05NNF0QA,imperdiet.ullamcorper.Duis@Nulla.org,Joshua Lancaster,(989) 234-3086,67
"scelerisque sed,",KUE43ITK8CA,velit.in.aliquet@felis.org,Jaquelyn Powers,(673) 415-6990,297
per inceptos,OAU11PIT8JU,in.hendrerit@lectus.co.uk,Zelda Crawford,(133) 501-9540,105
at augue,XHT51WEE7RB,eros@disparturientmontes.ca,Maryam Ford,(510) 455-0634,287
ipsum dolor,ZVW77TMU4CS,magna@Maurisut.org,Daquan Green,(674) 659-1388,75
tincidunt pede,QRI04ZIA4AU,urna.nec@massaQuisqueporttitor.net,Nissim Talley,(773) 754-9397,162
"mattis ornare,",PLP05BEY8IE,fames.ac.turpis@inceptoshymenaeosMauris.co.uk,Benjamin Arnold,(775) 394-0978,253
sit amet,HJD56HGS9GR,sem@vestibulummassa.ca,Joseph Whitney,(628) 833-4781,219
Morbi neque,MFL67UAO4NB,Fusce.mollis.Duis@atrisus.net,Declan Lindsay,(381) 614-7823,43
"et, magna.",JHZ55EGJ4LV,ultrices@nonummyutmolestie.ca,Xyla Reese,(195) 282-8977,171
est arcu,JLF77DSK4PO,convallis.dolor.Quisque@risus.com,Beck Bright,(340) 498-4538,37
lobortis augue,MJM30PYA6IA,vulputate.eu@vitae.co.uk,Signe Prince,(192) 322-9123,68
tortor nibh,AMO32PYO4BI,sed@ac.com,Knox Jarvis,(212) 510-1056,54
et magnis,WNO31LLI8RS,vehicula@Inornare.ca,Cyrus Whitaker,(877) 331-4526,27
Mauris eu,QAF93QSI8GH,elit.fermentum.risus@Phasellus.ca,Jolene Church,(409) 560-0169,254
Donec porttitor,ULS56EDR9CJ,turpis.In.condimentum@lectusante.co.uk,Whitney Norman,(665) 372-1667,33
pede. Praesent,TCM13YVF3IW,luctus.ut@id.org,Xerxes Robbins,(115) 868-1884,205
Donec luctus,QBR59UVG5AZ,ligula.Nullam.enim@gravidanunc.edu,Acton Hardin,(399) 777-8572,241
libero. Donec,NRT04EBC6RV,semper.tellus@laoreetipsum.org,Erasmus Giles,(585) 637-7918,397
magna tellus,IHW93RBZ7NE,sit.amet@fringillaornare.edu,Melanie Lara,(340) 598-6858,16
velit. Pellentesque,OLI03JFA4DO,vulputate@Vestibulum.com,Christen Benson,(885) 361-9229,402
lorem ut,CMH12OSU8TR,nulla@Integerurna.org,Orson Marquez,(370) 970-2324,34
aptent taciti,FIA50BZD8NW,ante.bibendum@malesuadafamesac.ca,Jin Baxter,(539) 777-8329,444
erat eget,KOK02SAT4VY,augue@nullaDonecnon.ca,Guy Barnett,(686) 682-8726,493
egestas. Fusce,EDQ79QVX9UF,tempus@euneque.edu,Elliott Wooten,(767) 367-2271,358
"libero mauris,",THJ53NCU2KE,egestas.blandit@Etiamligulatortor.co.uk,Jennifer Hyde,(911) 684-3910,379
magna. Duis,TAH45QAY3QX,mauris.ut@diam.org,Mona Vang,(707) 375-9705,312
"consequat auctor,",ZJD63PRS2JP,nostra.per.inceptos@Donecporttitortellus.com,Yasir Mcintosh,(394) 844-4911,384
"neque tellus,",FEZ02ZFC8OV,vulputate.lacus@velfaucibus.org,Jermaine Hyde,(289) 392-9595,48
dolor dapibus,MNJ38JQI0CP,velit@suscipit.net,Brenden Stokes,(829) 765-9116,368
metus vitae,TCC15QSE0RL,arcu@erat.org,Martena Fernandez,(512) 733-3921,52
justo. Praesent,ACW09VXQ7RV,parturient@Integer.org,Jonah Osborne,(478) 243-4190,457
ac nulla.,RHP42URB2KI,Vestibulum.ut@egetvariusultrices.org,Rooney Roth,(542) 112-6638,385
tellus. Aenean,EXM76ABA9UI,nibh@semperetlacinia.ca,Dieter Dominguez,(175) 268-1983,306
ad litora,ZUV90PJH3UJ,Duis@velest.ca,Indigo Lowery,(912) 946-2446,355
"nec, diam.",WXH25ODU1ID,accumsan.neque.et@facilisismagna.ca,Garth Villarreal,(414) 273-6860,346
mollis lectus,BBA54ABZ6KM,ornare.In@sagittissemper.ca,Dominique Stone,(339) 843-8074,350
tristique neque,CTE29VDS8MT,bibendum.fermentum.metus@Sedeunibh.org,Dustin Glass,(524) 981-2161,339
Integer vitae,RFU68HNP1VT,nunc.Quisque@sociisnatoque.edu,Iona Herman,(649) 843-4698,4
nibh. Phasellus,SPX88UNW3LV,facilisis@mattis.co.uk,Magee Thornton,(711) 248-0003,354
felis eget,PKV17MQW1ZQ,euismod.enim.Etiam@amet.com,Haley Bradley,(342) 854-8329,65
Nullam scelerisque,OMY45AYM5ZV,est.congue@Fuscemi.net,Kuame Matthews,(871) 450-4483,34
placerat velit.,LOG71WFC4PL,quam@luctusCurabituregestas.co.uk,Theodore Murray,(653) 158-5020,42
"feugiat nec,",RZJ43YWQ8DR,risus.odio.auctor@Curabitur.net,Julie Howard,(140) 797-7733,343
"leo, in",AET15AXE8QA,posuere.at.velit@turpis.ca,Kay George,(623) 546-8983,454
"lorem, sit",NIV85KAQ2EY,ullamcorper.Duis@nuncullamcorpereu.com,Donovan Mullen,(139) 572-8064,372
"mi pede,",APO50FJH8OX,Sed.nec.metus@nasceturridiculus.org,Upton Wood,(216) 207-9518,95
commodo hendrerit.,KKB87DDC3KC,ornare@Crasvulputatevelit.ca,Nicholas Anthony,(833) 999-0633,439
risus. Morbi,AFQ22ZEA0FJ,sit.amet.risus@iaculisodio.co.uk,Miriam Cox,(985) 795-4925,426
egestas. Sed,NAA78QWT4PG,lectus.ante.dictum@vulputatemauris.ca,Cassandra Madden,(589) 955-1419,468
"non, vestibulum",JGI29VVZ4HP,velit.Sed.malesuada@vitaerisus.edu,Talon Workman,(954) 170-2638,15
vestibulum. Mauris,IIA64TYH5AZ,a@egestas.co.uk,Kyra Mcclure,(512) 365-9853,414
mollis. Phasellus,VTK78QWH7QR,laoreet.ipsum.Curabitur@nonenimMauris.edu,Lael Garrison,(437) 656-1375,32
odio tristique,BOB49TOX8MS,interdum@mattisCraseget.com,Nathan Stewart,(785) 223-9816,68
aliquam eros,WNI87ROW6EB,sit.amet@Curabiturmassa.ca,Brielle Moses,(305) 952-8042,403
lorem semper,UWH23KZJ8JS,dolor.Fusce@turpis.ca,Joel Beck,(812) 309-2686,492
faucibus orci,OJN28YTL6MV,ipsum@enim.com,Kaden Norman,(477) 379-6915,326
id magna,QKD91KNK0VZ,eleifend.vitae.erat@Donecdignissim.co.uk,Boris Morton,(216) 489-6596,494
Nulla facilisis.,SNB99YYX5TI,neque@Nuncquis.com,Sigourney Eaton,(834) 986-1108,493
arcu. Vivamus,TXH67EPA4QC,justo.nec@nonummyutmolestie.edu,William Sutton,(160) 464-7625,450
"nec, eleifend",ORV74TRI8FD,arcu@Nuncpulvinararcu.net,Aidan Cox,(660) 259-7419,422
pharetra. Quisque,ZCJ38IFP6HZ,lacus.Etiam.bibendum@quis.net,Henry Sampson,(136) 186-9500,452
"cursus in,",EHC64HCS5RK,elit@Phasellusfermentum.co.uk,Noelani Turner,(656) 335-5164,434
"fringilla, porttitor",ZRA45EOU8OK,arcu.et.pede@purusaccumsaninterdum.net,Jemima Gray,(443) 811-1454,96
Sed molestie.,XUV08KSM3VQ,risus.Duis.a@ornareegestasligula.edu,Grady Tucker,(586) 908-8453,452
Curabitur vel,LIV43ZEC6NF,purus.gravida.sagittis@Fusce.edu,Marsden Frank,(554) 411-3967,316
nisl. Quisque,JWL95PWF2RM,ac.turpis@auctor.com,Leonard Mcfarland,(141) 154-7156,338
blandit viverra.,OKW07TDG7UZ,amet@natoquepenatibuset.co.uk,Carson Spencer,(673) 792-2202,97
vitae purus,SJS81PNL8JK,rutrum.Fusce.dolor@sagittis.ca,April Leach,(244) 504-6419,397
"elementum at,",JWG17TTM1GD,fermentum.metus.Aenean@sollicitudin.org,Isaac Kennedy,(996) 719-1804,470
"feugiat non,",FIS23RXB5TS,erat.in@senectuset.com,Daniel Patton,(512) 166-2199,417
egestas hendrerit,FSJ63TZE7XH,amet.ante@viverraDonectempus.com,Randall Hardy,(357) 361-1537,18
"Sed pharetra,",OBM45MJF3AT,ornare.libero.at@consequatenim.ca,Thor Lott,(382) 322-1805,335
ipsum nunc,XWM21LAY0CW,aliquet@nuncIn.edu,Gareth Finley,(798) 187-7275,25
"ultricies adipiscing,",MSN04QJC3NL,lectus.pede@malesuadafringillaest.org,Irene Hudson,(328) 592-4534,479
Suspendisse sagittis.,QLB74RRK8AX,Suspendisse@ullamcorpereueuismod.org,Cruz Castillo,(589) 185-4644,385
"mattis ornare,",WTN77IPP3YJ,sed.est.Nunc@lobortismaurisSuspendisse.ca,Quentin Frye,(548) 767-7044,360
"nostra, per",YIQ20ANB3RS,semper.et@perinceptoshymenaeos.net,Kasimir Jennings,(893) 699-0679,302
"fermentum vel,",RPP36DYO9GD,et@diamDuis.edu,Griffith Strickland,(601) 294-9034,22
dolor sit,MWS61VBH4BH,commodo.auctor.velit@felisDonec.net,Thor Craft,(498) 416-9098,418
risus. Nulla,DHL03WDM4MT,Aliquam.auctor.velit@temporest.edu,Ryder Booth,(799) 896-1569,301
arcu. Aliquam,PLU70STT8XH,ornare.tortor@nibhPhasellus.co.uk,Kyle Pacheco,(983) 153-2992,330
lobortis ultrices.,LXE00QJG4RN,nisi.Cum.sociis@nibh.org,Neville Rush,(788) 249-0071,450
"egestas a,",JNI56NLG6JY,nec@ante.org,Benedict Dixon,(663) 589-2821,331
ultricies ligula.,WMO53QRL0FK,vulputate@vestibulummassa.net,Ivor Mayer,(313) 837-2234,341
nulla. In,DES41PLW4FE,urna.Ut.tincidunt@ametrisusDonec.ca,Shelly Sutton,(521) 273-7612,348
"Aliquam ornare,",UGV74VYW8CU,imperdiet.erat@semegestasblandit.net,Madonna Walter,(803) 705-8456,19
Phasellus fermentum,NJX42SVZ2NX,ac.mi@consectetuer.com,Cleo Lowe,(756) 661-6594,311
sed sem,BCW61IEU0FV,eu@massa.edu,Jada Whitehead,(387) 944-1775,458
orci quis,PAE42IRL9TF,nonummy@Nullatemporaugue.com,Cody Olsen,(195) 618-6669,434
ipsum dolor,JAD71VTT8MY,orci.luctus@malesuadafringilla.com,Driscoll Walsh,(954) 577-0074,423
quis arcu,HYL57BRF3YI,In.mi@amet.co.uk,Leah Gallagher,(311) 998-8308,85
malesuada fringilla,NXR08BDG7KG,arcu@adipiscing.edu,Keaton Orr,(997) 726-1338,46
Proin eget,ZST15PQQ2ZC,interdum@nunc.com,Hannah Terrell,(851) 259-4764,420
Quisque libero,RTG10YLP7GF,eu.nibh.vulputate@quam.org,Judah Kerr,(253) 608-0196,73
lectus justo,MBJ09ANJ4JI,tortor@sollicitudinorcisem.org,Zelenia King,(554) 582-2020,402
"non, lacinia",TFV42MKH1XW,dui.in.sodales@Praesent.org,Shad Shepard,(210) 659-4395,98
sit amet,ALL61DIK5SX,Nunc@sitametrisus.com,Elizabeth Strickland,(813) 449-3394,456
"aliquam, enim",CWM75OOS4LF,ultrices@nisi.net,Amity Pugh,(272) 418-9745,395
sed tortor.,MMC94DEV8HV,odio.semper@at.edu,Kelly Leblanc,(956) 683-5390,482
non justo.,PSA52MLL9FI,imperdiet@nonummy.edu,Ezra Merritt,(586) 202-2163,367
Donec non,KGZ30NSU1JW,faucibus@acnullaIn.net,Whitney Bradshaw,(333) 406-6753,85
metus. Aliquam,PBO78BOZ6QE,posuere.at.velit@acarcu.net,Ima Sweet,(600) 270-5940,09
"mauris sapien,",QHV58BIZ3YE,Nulla.interdum.Curabitur@quispede.org,Noah Joyce,(382) 468-7143,66
nonummy ultricies,IZW43PZP5UA,velit.Sed.malesuada@ategestas.edu,Vivien Hess,(894) 375-3575,319
sapien imperdiet,DWX64FRO4LA,non.hendrerit@quam.net,Nina Lott,(522) 466-3345,389
non leo.,DWI50HST0MX,magnis.dis.parturient@montes.edu,Raya Nolan,(676) 802-8132,411
"orci, adipiscing",YHB34IOU2MG,Praesent.eu.dui@fringillaornare.edu,Carl Adams,(230) 820-1577,27
tincidunt pede,YXM82DPU4CL,non@facilisisvitae.edu,Allen Walls,(855) 236-4810,416
Cras eu,HJS11OHJ3XF,Duis@lorem.edu,Joan Schultz,(163) 372-9286,395
Vivamus molestie,BWF47SHX2WC,eget@Donecluctusaliquet.org,Victoria Hull,(581) 818-0499,494
Etiam bibendum,SKA46TLE6HN,vulputate.mauris.sagittis@afacilisis.co.uk,Ignatius Edwards,(566) 373-7986,491
"elit, dictum",OGJ49IZR2PM,massa.Vestibulum.accumsan@acarcu.co.uk,September Mercado,(964) 602-4881,365
"eu, placerat",ISH73CFZ1TH,Quisque.varius.Nam@placerataugueSed.com,Brady Petersen,(963) 295-7771,343
ullamcorper magna.,VAR81YJU7SN,risus@Craslorem.com,Ingrid Mcleod,(514) 134-1024,32
rutrum lorem,URP25FBL4PC,sapien.Cras@Vivamus.net,Tanya Whitehead,(456) 712-7995,339
"vulputate eu,",QOA20LJO0EW,Vestibulum@Duiselementum.ca,Graham Baker,(111) 297-3256,77
facilisis. Suspendisse,ORQ64LVV0XO,pede.Cum@quis.net,Amery Owen,(337) 451-4449,439
dolor. Fusce,AJB86VMT8FQ,gravida@Aliquam.edu,Maris Dudley,(768) 430-3832,459
Nullam vitae,XXM90DSQ2ZX,malesuada.vel@auctornunc.co.uk,Grant Chen,(860) 787-4262,315
imperdiet dictum,CUY65VBW6ZB,sociis@massaIntegervitae.net,Oprah Higgins,(357) 420-6941,19
Nunc commodo,WJE85KHS8UL,a.enim@eros.com,Cameran Levine,(205) 532-2624,84
leo. Morbi,RRB39GEW9RE,erat.neque@maurisIntegersem.com,Griffin Casey,(565) 528-8620,281
euismod mauris,KEH86EOB7RK,lectus.sit@Morbiaccumsanlaoreet.edu,Reece Larsen,(897) 862-1888,330
"in, hendrerit",HKW69GVQ6JA,mi.ac.mattis@laoreet.edu,Molly Salas,(997) 703-1575,172
ut odio,GTS19RON1PN,lobortis@sed.com,Suki Henson,(783) 241-5834,344
"et, rutrum",XPD17FID2JK,tristique.ac.eleifend@pellentesquetellus.com,Shaeleigh Hoffman,(360) 321-6326,286
Curae; Phasellus,BNP73RAC7KL,neque@dictumeueleifend.net,Urielle Pittman,(646) 246-5330,11
"non, bibendum",ZDI26WEU8SV,facilisis.Suspendisse.commodo@sagittisNullamvitae.ca,Philip Marsh,(405) 918-2524,433
Nunc lectus,YCJ55GQJ7RX,nec@Morbisitamet.edu,Declan Camacho,(266) 305-6888,125
"placerat, augue.",EQE22SKQ5DP,lectus.quis.massa@aauctor.ca,Mari Sellers,(972) 525-6387,486
eros turpis,GBV51RSC6QM,Donec.egestas@magna.com,Joshua Maxwell,(718) 197-5350,289
"aliquet nec,",QBB30WOC1SV,ut.sem@metusAenean.edu,Serina Murphy,(272) 109-4977,353
"semper erat,",IZN16HPK6LN,egestas@eleifendnec.co.uk,Iona Richards,(734) 862-2166,482
augue malesuada,MEZ90XSK2LE,felis.adipiscing@eterosProin.net,Rinah Molina,(280) 331-5657,59
"Nulla tincidunt,",CAO57SPP4XN,a.malesuada.id@tempus.co.uk,Meghan Sweeney,(978) 668-1120,20
Duis risus,JIY42BHF7AN,nonummy@Nulla.org,Harrison Montoya,(602) 549-1650,249
blandit. Nam,CBB64ADO1FG,in.sodales@libero.com,Price Crawford,(891) 634-8649,496
tempor augue,MSW05NBR2IS,lacus.Cras.interdum@nequeInornare.net,Montana Dudley,(357) 662-7346,352
risus. Nulla,ROS98RIJ4ZE,elementum.purus.accumsan@dapibusligula.ca,Macon Alston,(191) 999-0138,456
metus. Aliquam,QUM34UFQ8VT,rutrum@metussitamet.net,Adara Benson,(816) 257-0782,348
tincidunt adipiscing.,LCW39FEY1UW,ultrices.sit.amet@lorem.org,Carly Russell,(563) 652-7679,337
non arcu.,MVG60SII6SM,venenatis.vel.faucibus@etmagnaPraesent.ca,Asher Griffith,(937) 433-6590,498
justo. Proin,DKI96VAT4ZQ,iaculis@arcuVestibulum.ca,Cade Gilliam,(209) 870-1187,411
a purus.,JRY87EOJ6TF,dictum.augue@sagittis.org,Elvis Ingram,(301) 244-8698,490
Ut sagittis,RHT45QQZ1WC,semper@actellus.edu,Laith Coleman,(786) 174-9131,470
"eu, accumsan",HIV85EXJ3IH,In@eget.co.uk,Sean Simpson,(841) 919-1315,25
"iaculis nec,",GSR91UHW3JD,luctus@asollicitudin.com,Libby Camacho,(740) 154-0077,316
ac mattis,OZG89CLQ1ZC,eu.lacus.Quisque@doloregestasrhoncus.ca,Naomi Colon,(636) 571-3849,25
molestie arcu.,JLA45QTQ8UT,arcu@et.net,Yasir Bauer,(752) 689-6308,120
sit amet,QYZ04WGY8LZ,hendrerit.id@pedeNunc.com,Danielle Bruce,(255) 815-1554,128
in felis.,PKQ61YDP1IN,metus.Vivamus.euismod@Crasinterdum.org,Emi Edwards,(697) 304-9893,66
enim consequat,ROE19JRG4MG,nisi@adipiscing.co.uk,Dorian Compton,(531) 985-3358,445
"facilisis vitae,",GSG77BUV5KT,eu.euismod@faucibus.org,Kirsten Rodriguez,(933) 647-6069,165
scelerisque mollis.,LZK00PHK4FC,ut.erat@anteiaculis.edu,Bell Ryan,(104) 802-1739,13
id sapien.,QGD13GON6VC,volutpat.Nulla.facilisis@Suspendissealiquet.org,Preston Richard,(251) 298-8971,60
"euismod in,",HOT47EFZ5DE,Aliquam@enim.edu,Cailin Lang,(646) 339-9996,450
Sed eu,XZG12AJT9EB,ut.dolor@placeratorci.ca,Keith Haney,(540) 119-7301,190
aptent taciti,HRK81JXK6AD,Donec@rhoncusProinnisl.org,Phelan Mcintosh,(983) 958-3265,383
et risus.,DHR10QQN4PD,in@natoquepenatibuset.edu,Porter Casey,(962) 179-5876,316
nunc sit,ABL62HWH6VO,orci@ametorci.org,Odette Buckner,(212) 666-3592,231
Vivamus nibh,HGH45UTY9RW,ante@enimmitempor.net,Odessa Guy,(448) 443-7907,24
augue eu,NDH86OSP6GX,faucibus.ut@sociisnatoque.ca,Tara Alford,(506) 979-3221,448
Cum sociis,XSD27PFC5YA,euismod@nislelementum.ca,Doris Hogan,(912) 345-3210,460
odio. Nam,BKE58QFV2AU,dapibus.gravida@Suspendisseac.edu,Lila Harvey,(900) 931-1709,199
penatibus et,AQC98BIK3LM,feugiat@lectusjustoeu.com,Abbot Small,(717) 367-5233,129
eget odio.,MUW46UFU2CQ,Aliquam.vulputate@inmagnaPhasellus.ca,Allen Murphy,(832) 522-8920,15
"lacus, varius",GYY00BKB5NC,Aenean.massa.Integer@nullaInteger.edu,Shelby York,(451) 950-8660,195
ligula. Donec,JVB55BBA4BN,metus@magna.org,Lysandra Knox,(670) 668-2970,375
magna. Nam,GRE30AJZ7RC,ut.odio@etmalesuadafames.ca,Ariel Dyer,(564) 841-1171,18
nec tempus,LAF79ETM7RV,laoreet.posuere.enim@maurisutmi.edu,Taylor Levy,(971) 955-6565,318
Suspendisse commodo,VZP09QXN0ED,inceptos@duiCum.com,Uma Dalton,(346) 931-0367,140
metus eu,ZIF12ZQG0JD,egestas.hendrerit.neque@malesuadaaugue.org,Whitney Odom,(960) 222-1440,176
turpis. Aliquam,CGI71CRL7QI,libero@pedemalesuadavel.edu,Allen Good,(948) 285-9318,08
ante lectus,PTV84SIZ3RG,id.ante.dictum@pellentesque.ca,Odessa Cummings,(114) 501-8035,498
egestas nunc,RQT64IAO8QG,sapien.Nunc.pulvinar@enim.org,Fatima Oneill,(294) 984-7380,195
Sed id,KGN78HJF3YA,parturient@quismassaMauris.net,Honorato Mathews,(463) 469-0661,117
in molestie,XYJ25GIT3LX,dignissim@pede.ca,Chastity Kent,(867) 536-7146,31
scelerisque neque.,KVX25LER3JX,sagittis.semper.Nam@blanditenim.ca,Claudia Fischer,(132) 122-4564,133
"ullamcorper eu,",YQB65VLF2YF,Donec.consectetuer@leoCras.edu,Tanner Montgomery,(232) 580-4477,30
velit in,NCV80EGY0JQ,dictum.ultricies.ligula@condimentumegetvolutpat.org,Chelsea Johnston,(439) 336-6665,305
a purus.,SPZ34RUK7OA,nunc@necante.ca,Claire James,(770) 403-8583,386
sollicitudin adipiscing,KRA89UXD6NG,luctus@lobortisultricesVivamus.com,Ferris Boyd,(595) 641-7729,78
"scelerisque, lorem",OYX26APZ6NS,aliquam.arcu.Aliquam@ligula.co.uk,Calvin Noel,(509) 561-2082,63
Praesent eu,AFU52DWS4HP,nec.malesuada@nislMaecenasmalesuada.net,Mercedes George,(763) 535-1645,276
"tellus, imperdiet",JGT47GTA4IG,lacus.Cras.interdum@nunc.ca,Lance Shields,(557) 168-5966,244
"aliquet, metus",GLX60TNJ7RB,tempor.arcu.Vestibulum@sedtortorInteger.net,Maia Nash,(673) 811-2116,149
"Aliquam ornare,",QBV69WGP0WF,et@iaculislacuspede.edu,Dakota Fox,(177) 961-7974,92
"bibendum sed,",ZQY71NYU7KJ,vulputate.ullamcorper@enim.org,Barrett Mooney,(212) 688-2297,133
vehicula. Pellentesque,UVX52UVG3NX,lorem@Curabitur.co.uk,Jakeem Odonnell,(612) 677-1092,25
"et, rutrum",WQC33LJZ4MF,at.pede@ettristique.edu,Iola Cobb,(137) 865-9949,13
ipsum. Phasellus,FRX31ETV9YY,at@tellusloremeu.edu,Beck Lynn,(777) 212-3092,320
"libero mauris,",IZF86MRG9EO,est@ipsumdolor.ca,Stacy Franks,(906) 124-6265,378
"elit pede,",KGF01SXY3XE,Mauris.nulla@lectusrutrum.com,Christian Hall,(889) 140-0363,368
Aenean eget,LUW34ETP1YR,orci@elitCurabitur.org,Sasha Jefferson,(419) 102-3380,379
dolor vitae,CML78JLE1QI,erat@AeneanmassaInteger.org,Garth Crosby,(382) 228-9304,34
nulla. Cras,HCX99XRJ1AW,eleifend.egestas@mattisvelit.edu,Gail Puckett,(142) 442-1341,437
orci luctus,BRG74GSQ2PL,tellus.non.magna@eutempor.net,Hu Allen,(466) 544-8880,243
Donec est.,TMI35AML6GU,Mauris@facilisisfacilisis.org,Beau Delaney,(871) 877-9959,485
dictum ultricies,YMD85APE3XW,vel.venenatis@leoMorbi.net,Malcolm Mccray,(403) 188-8231,248
Phasellus vitae,JVU09LBN6FK,Nunc.pulvinar.arcu@massa.edu,Naomi Whitfield,(999) 594-1740,82
sed sem,KSB33ODK8JK,sociis@Mauris.com,Phelan Ramirez,(819) 626-5712,276
felis. Nulla,LUZ90MQH7BL,vitae.semper@CrasinterdumNunc.ca,Linda Hopper,(837) 602-4565,48
Phasellus elit,BPI35ERA5FJ,massa@vel.com,Paki Kennedy,(801) 993-3961,234
Class aptent,ANI79WWJ4BR,elit@lacinia.co.uk,Blaine Kirk,(433) 426-5823,454
sit amet,ODO30AJM0CU,orci.Ut@nonnisi.org,Octavia Gallegos,(127) 339-6674,27
"sit amet,",JEN20EZW0PB,ac@elit.com,Harper Patton,(930) 563-0419,422
ligula. Aenean,JZI75CCS0EC,nulla.Cras@placeratvelitQuisque.edu,Angelica Parsons,(773) 566-6894,446
adipiscing lobortis,PAI54OOL1KF,amet.risus.Donec@metusfacilisislorem.org,Emi Hill,(485) 244-7905,26
pharetra nibh.,AGJ84RQN2EU,tempus.lorem@turpis.org,Solomon Walters,(120) 239-5310,40
erat semper,TPI45GOL9BG,sociis.natoque.penatibus@at.co.uk,Courtney Finley,(772) 902-8192,439
ipsum dolor,SUX28QMW1UV,et.arcu@facilisiSedneque.org,Micah Joseph,(267) 382-1230,166
consectetuer adipiscing,OWT88ZGB7GO,neque.non.quam@Duissitamet.org,Tucker Brown,(201) 517-9548,17
Donec est,IOW35NRZ1WU,enim.mi@neccursusa.net,Macy Hoffman,(935) 720-2505,398
ante blandit,LDK74KIE9RS,Mauris.blandit.enim@Nulladignissim.co.uk,Brian Parks,(649) 612-6897,248
commodo auctor,QHQ63GNI0CB,fermentum.metus@non.co.uk,Victor Robertson,(991) 280-0123,39
pede. Cum,RXZ54XYA5VH,adipiscing.Mauris.molestie@enim.co.uk,Hayes Long,(744) 391-1126,56
vitae sodales,OHU32DJN4KS,Aenean.eget@semperduilectus.ca,Brenna Gross,(185) 446-5787,163
nulla. Donec,NNU04QZK7UZ,pede.ultrices.a@ligulaconsectetuer.com,Renee Sargent,(645) 428-0450,90
posuere cubilia,PKX05DRX7HF,diam@elitCurabitur.com,Lance Taylor,(312) 174-0054,20
egestas. Sed,YDO35ETB7VT,augue@nullaInteger.net,Sage Marshall,(878) 708-3607,414
sed pede.,SHD21HAC5AR,augue.id.ante@Nuncacsem.ca,Mechelle Mason,(103) 948-3062,397
nibh vulputate,BOR22BNJ7XW,adipiscing.lacus@lobortistellus.co.uk,Kiara Merrill,(932) 971-4785,312
"libero est,",BGJ96BDD5UQ,Maecenas.iaculis.aliquet@cursuset.ca,Malachi Holcomb,(368) 418-0865,78
iaculis aliquet,KEM15RXU0UT,magnis@quam.co.uk,David Carlson,(504) 192-0687,133
nibh. Donec,MEN59YXY4MP,magna.Phasellus.dolor@semperrutrum.net,Mona Coffey,(540) 563-6106,19
"pharetra, felis",AZA17LXU0JB,vitae.diam@arcuVivamussit.ca,Jenette Maldonado,(874) 255-8373,302
ac tellus.,JGU91MJB3WF,dis.parturient.montes@quamdignissim.ca,Grace Joyner,(655) 465-5675,394
"augue, eu",DRR09YUZ3VB,orci.quis@Intincidunt.edu,Barry Guerrero,(148) 405-7762,156
nisi nibh,NML39WEI0LA,lectus@ligula.net,Avye Lane,(280) 419-7704,37
aliquet. Proin,SNY47OWC0ZT,semper.rutrum.Fusce@magnaaneque.edu,Wilma Cooper,(896) 245-5794,163
Vivamus euismod,UBC87BDK2JG,Nulla.interdum@aliquamerosturpis.org,Nadine Colon,(708) 956-5947,185
nulla. Donec,NOM94MGN1SM,augue@elit.net,Margaret Mcdowell,(366) 884-5079,401
Aenean sed,DEJ92BGZ9JO,dignissim@turpisIn.edu,Whilemina Ramirez,(894) 510-8934,251
quis lectus.,QLT72HLQ4NJ,elit.fermentum@convallis.net,Flavia Crane,(743) 390-1021,293
diam. Sed,KET29NVV0JS,consectetuer.adipiscing.elit@pedeblanditcongue.com,Samuel Caldwell,(390) 310-8432,68
pharetra. Nam,WNG21STN0LW,pede.Praesent.eu@elementumat.co.uk,Zelenia Moss,(631) 271-5036,430
"tempus, lorem",BZK99LUJ4PU,Proin.non@Integer.ca,Salvador Cooke,(810) 703-1919,282
"feugiat non,",JZU86SUQ3KQ,lacus.Aliquam.rutrum@Donecest.com,Brett Rodriguez,(510) 510-0420,317
eu lacus.,PEX48DZO5EJ,vestibulum@magna.edu,Dean Williamson,(241) 430-0993,11
penatibus et,UYF68DLQ0RN,faucibus.leo.in@molestietortor.ca,Steven Vinson,(734) 272-7024,291
nulla vulputate,EWA63ASL3CA,Maecenas@Phasellusinfelis.edu,Isaac Woodard,(861) 454-8202,447
nascetur ridiculus,LIH52RVQ4TC,Aenean.massa@Proin.com,Bianca Hoover,(950) 411-4900,71
"a, auctor",LLV42UKN2YH,commodo.auctor@accumsanlaoreetipsum.ca,Jason Townsend,(661) 797-1370,484
sollicitudin adipiscing,YES40OXW9HR,malesuada.fringilla.est@Donecnibhenim.edu,Zachery Walls,(262) 510-4872,306
Suspendisse sed,HNC79LTR0JZ,nec.imperdiet.nec@laoreet.edu,Jacob Henry,(543) 948-6670,404
volutpat nunc,GQV54KSD4JV,Lorem@euultrices.co.uk,Michael Wiley,(493) 453-1909,48
nisi sem,CPV21ZDJ5XG,cursus.purus@interdum.ca,Rachel Roman,(181) 788-0980,302
nulla vulputate,RUT52FDN4YD,nibh.sit.amet@ametnulla.co.uk,Phoebe Lester,(877) 218-4003,69
dis parturient,QFO93CWF4ZV,ipsum@ipsum.com,Heather Frost,(316) 414-2334,369
dolor sit,ZGG89QPU6AO,mi@Donecfeugiatmetus.com,Leonard Clayton,(546) 930-5484,35
faucibus orci,UZD29LGT3UQ,erat.vel.pede@loremDonecelementum.net,George Small,(676) 225-5616,58
Pellentesque habitant,CDR21BPQ2QU,metus.Aliquam@tortoratrisus.ca,Dominique Moses,(684) 550-7583,284
"sit amet,",XSQ21ROE8AA,Curabitur@consectetuer.ca,Camille Walker,(133) 112-4671,147
sit amet,SDO96XME3IF,neque@nibhenim.ca,Kyla Schultz,(304) 917-8934,403
et netus,TTJ52OEV6ZH,arcu@montesnasceturridiculus.edu,Hoyt Nicholson,(534) 986-5449,268
"mollis dui,",CAA91YGF9AH,auctor.velit@nonenimcommodo.co.uk,Frances Wagner,(794) 443-1825,49
nec ante,PUC90SLM5CX,Suspendisse.sagittis@aliquet.edu,Fatima Mueller,(534) 792-3679,355
magnis dis,UDC31CRU5KN,turpis.In@rhoncus.ca,Anjolie Mcfarland,(101) 148-3614,323
"vulputate eu,",QAT71DHV1FX,Sed.id@Cras.com,Sage Wiley,(436) 875-6547,158
tincidunt nibh.,LYG21BGZ0DN,eget.metus@Infaucibus.com,Debra Farrell,(943) 358-0504,67
"lorem, vehicula",SRS91OUR8IJ,Proin.eget@Mauriseu.org,Tanya Carney,(478) 847-2648,75
egestas. Aliquam,KDM65DCN2PI,tincidunt.tempus.risus@eratnequenon.net,Connor Schultz,(856) 507-8063,82
molestie tortor,KZA18WAQ3OZ,nunc@metusAliquamerat.com,Vladimir Boyd,(861) 946-2258,411
Fusce fermentum,ZHH95ZED3UK,Etiam.gravida.molestie@atiaculisquis.org,Dean Wiley,(882) 171-9360,440
ornare lectus,GTB08NFI3CQ,mauris.ut.mi@mollisdui.co.uk,Ocean Ashley,(987) 714-7336,162
ridiculus mus.,POG84NPJ4MC,Duis.elementum.dui@euaccumsansed.co.uk,Jolie Russell,(742) 664-0230,242
Duis a,XQM39IDU9PV,ornare@anteiaculis.ca,Kim Luna,(957) 159-7794,452
magna sed,KIR76WYV4EC,Nullam.enim.Sed@ategestasa.ca,Guinevere Britt,(392) 691-0947,89
Cras pellentesque.,UGX90QMZ7IQ,magnis@Donecatarcu.ca,Uriel Slater,(957) 277-8316,281
"vel, convallis",IFC01RTY9SD,risus.In.mi@In.edu,Boris Wagner,(898) 191-4424,61
"iaculis enim,",VTB34ZUE0OF,sit@facilisis.net,Clementine Salas,(867) 451-8942,385
diam luctus,XYQ99NKG9WC,consequat.nec@consectetuer.co.uk,Isaac Deleon,(713) 754-0893,50
taciti sociosqu,JMC92FDF8NW,Aliquam@Praesentinterdum.org,Hayes Preston,(639) 954-7815,311
In scelerisque,MGD31ADJ8WA,nec.ante@Phasellusataugue.ca,Blossom Riggs,(975) 870-8337,250
"vitae, orci.",HWZ64FYE1RQ,eu.dolor.egestas@metus.co.uk,Lacey Jarvis,(524) 882-3594,99
a feugiat,DIG77YOS4ZZ,egestas.Fusce@ametfaucibusut.com,Nyssa Morton,(929) 250-6169,157
"non, dapibus",VUX81ZPM2CB,rutrum.non@anteipsumprimis.ca,Destiny Clayton,(919) 612-9948,154
"pharetra sed,",KPE39VGY2UD,molestie.pharetra@enim.edu,Leonard Hickman,(745) 192-1980,48
enim commodo,EUX50EES7EN,pretium.aliquet.metus@lectusCum.co.uk,Rebecca Kim,(956) 836-5304,398
velit. Quisque,GYW59NWL3IQ,nisl.elementum.purus@placerategetvenenatis.net,Jordan Peck,(188) 159-4818,128
dignissim magna,KSN84OIO7RI,natoque@pedenonummy.com,Caesar Head,(163) 819-0684,69
"vitae, sodales",BSR25ZEJ5VK,tellus@utaliquamiaculis.ca,Ira Gross,(318) 893-4952,486
vulputate mauris,FZO09DYS1YG,auctor@atauctor.ca,Jermaine Walters,(328) 831-0284,32
dapibus ligula.,YAT42ROK5WA,nibh@metussitamet.edu,Edan Barber,(686) 666-3564,144
dui augue,LNI65EII2KD,non.nisi@inlobortis.co.uk,Dane Allen,(650) 640-8809,238
In scelerisque,PRT10JEG7CE,eget.magna.Suspendisse@pede.net,Keefe Kramer,(566) 845-4231,274
accumsan interdum,LAA46HTW1BE,ipsum.Suspendisse@dictumsapien.org,Veda Barton,(224) 557-3222,377
mi. Duis,HDE89GYD3WX,Pellentesque@afacilisisnon.co.uk,Tatyana Ellison,(495) 294-6897,440
magna. Cras,ENW19SRI3UU,Phasellus.at.augue@nuncest.co.uk,Salvador Franco,(695) 842-2340,163
Class aptent,ULC30EYQ8QX,Donec.nibh@Nullamlobortis.net,Gloria Albert,(189) 787-8412,232
sapien. Aenean,ZLR98XQF3AK,In.mi@afelis.ca,Brianna Christian,(660) 938-1294,317
"mi enim,",URM70OGE7AP,odio@non.ca,Giacomo Knowles,(911) 748-7736,373
euismod enim.,JND70OBU7MH,purus.sapien.gravida@maurisrhoncus.ca,Kelsey Payne,(489) 520-9860,402
sociis natoque,LQI50JNA8JO,ligula.Aenean@dapibusquamquis.org,Jillian Collier,(245) 257-3871,415
augue porttitor,MNR30UGP0KQ,Donec.tempor@auctorMauris.org,Declan Diaz,(187) 540-2915,273
risus. Nulla,WPK53COU0SV,Nunc@montesnascetur.ca,Robert Vasquez,(571) 967-1978,59
lorem vitae,SRG76VIW3LD,cursus@arcuVestibulum.edu,Ezekiel Randall,(810) 240-8465,228
velit. Cras,UQG82ZZP7VW,sit.amet.orci@libero.org,Maxine Rich,(199) 307-3648,191
gravida nunc,GKP06HEC4BX,ante.Nunc.mauris@odio.edu,Thane Gould,(698) 583-8299,480
eros non,MOP31HSK8BG,mi@vulputate.net,Iola Armstrong,(820) 162-7301,189
habitant morbi,FFC39OMB0TK,ut@etliberoProin.co.uk,Denise Miller,(680) 779-8766,224
neque. Sed,GQI36EDV5JE,nisi.dictum.augue@mauris.org,Basil Maxwell,(984) 835-5694,300
"malesuada vel,",NHN12MAO2HJ,aliquet@ipsum.co.uk,Nyssa Wilcox,(689) 435-4535,149
egestas ligula.,HRV24SHP5IN,laoreet@Sedauctorodio.net,Claire Salazar,(936) 130-6063,36
porttitor interdum.,YLO72UWS7JF,Suspendisse.sed.dolor@nequevitae.co.uk,Dara Garner,(609) 940-8503,492
dignissim tempor,BXD93IDR3IL,Integer.aliquam.adipiscing@sedlibero.org,Shad Boyd,(403) 302-5403,405
tellus eu,FMP47XBW3NY,Nam.interdum.enim@convallisestvitae.co.uk,Kibo Richardson,(886) 544-6285,441
neque pellentesque,AHA01FAJ0SA,sem.elit.pharetra@sociisnatoquepenatibus.edu,Jayme Hester,(257) 312-8056,265
commodo tincidunt,ZIF45RAZ0BK,Quisque.imperdiet@ornareFuscemollis.ca,Raya Albert,(743) 495-5850,406
Aliquam nec,KQG69NJW7RY,scelerisque.dui@nibhsitamet.org,Venus Jimenez,(593) 212-2536,75
augue malesuada,ERP26ZXC1MN,velit.Sed@interdumCurabitur.co.uk,Leilani Lawrence,(500) 786-5469,05
Vestibulum ante,HAB73ORJ7UR,eget.odio@egestasblanditNam.org,Cathleen Pruitt,(327) 767-7912,172
ultricies ligula.,IIV70JKY1RC,Mauris@Vivamusnonlorem.co.uk,Emerald Shaw,(751) 960-1600,56
quis massa.,LNI18FII6VT,Nulla@atrisusNunc.net,Wendy Riddle,(713) 936-3358,413
nulla. Integer,CIQ47GNS0WF,arcu@Vivamus.com,Gray Dale,(622) 179-2176,38
Proin mi.,KUR93KPU0UY,at.pede@Namconsequatdolor.edu,Ingrid Kirkland,(855) 225-0865,09
mi tempor,BKJ66VRI7NF,eu.tellus@leo.org,Zoe Wyatt,(133) 407-5904,373
sem ut,CFR64RLD7UI,enim@commodohendreritDonec.org,Kylee Acevedo,(544) 663-0683,438
ut lacus.,CRZ48QWI9LA,magna.Sed.eu@variusorci.edu,Cynthia Bradley,(792) 661-6396,265
congue turpis.,RGW46KKM3XR,Phasellus@sitamet.edu,Sheila Buchanan,(280) 292-0733,205
mi lacinia,DYV11WSO9JO,nec.ante.blandit@lobortis.org,Addison Rhodes,(598) 408-3731,471
Donec est,TEW93TWR7CM,libero.Morbi.accumsan@ultricies.ca,Lewis Cannon,(174) 176-1258,255
Phasellus fermentum,SRR45QDX8VP,imperdiet.nec.leo@mipedenonummy.co.uk,Jeremy Kemp,(157) 369-5315,86
sapien. Nunc,GTY07ESN9DL,eu.placerat.eget@fringilla.co.uk,Dacey Knight,(908) 802-6223,220
sociis natoque,EMB00DLK3KP,dolor@penatibuset.ca,Ashton Buck,(828) 387-4956,97
fermentum fermentum,CXA37SPV9VC,egestas.nunc.sed@nullaante.net,Evan Christensen,(874) 700-0345,22
Donec est.,VUB62FAJ4AI,quis@dolordapibusgravida.com,Ursa Hensley,(458) 941-9467,223
turpis non,IIS79YKZ8CP,montes.nascetur@sitametfaucibus.co.uk,Hop Obrien,(868) 202-3263,377
Aliquam adipiscing,SYJ75ACS9SZ,orci.adipiscing.non@diam.co.uk,Garrison Gonzalez,(956) 705-3984,353
orci. Ut,JNZ52LGY5OK,Phasellus.dapibus.quam@aliquamenim.co.uk,Stone Mcknight,(514) 865-5764,263
"semper, dui",POC85XVM1NQ,molestie@Duisvolutpatnunc.edu,Armand Massey,(444) 890-7489,473
"et, magna.",SNW72WJK4VZ,magnis.dis@sapienmolestie.ca,Jaquelyn Welch,(753) 560-5041,384
lacus. Mauris,NNY02SGD6BM,imperdiet.non.vestibulum@Proinnisl.com,Blossom Fulton,(774) 185-4154,322
mi lacinia,OYJ27WGJ5UZ,pharetra.nibh@enimdiamvel.org,Demetrius Mcgee,(632) 609-0425,93
non lorem,AFP85LXS3TJ,nisi.sem@tristique.edu,Alma Richard,(488) 319-1146,471
fringilla purus,NZR32MLQ6IV,et.eros.Proin@Mauris.com,Wade Dickerson,(210) 939-0925,47
Mauris molestie,OKR95QUV9AD,Nam.ac@tristiqueac.edu,Francis Lewis,(250) 262-2922,322
ipsum. Donec,DVN19KER1GQ,dolor.dolor@posuereenimnisl.net,Jermaine Roach,(387) 224-7149,211
erat. Vivamus,QMM06PXZ1YC,semper@sociisnatoquepenatibus.org,Cleo Lambert,(543) 665-1680,146
vitae sodales,ISM27DIH4BQ,quis.diam@Class.edu,Karina Page,(450) 728-6516,469
arcu. Morbi,CIK70CEP3PJ,eget.venenatis.a@faucibusidlibero.edu,Igor Fischer,(856) 566-7146,469
"Duis elementum,",TBD12POS4LE,pharetra@arcuMorbi.com,Kalia Reeves,(334) 697-7746,351
enim. Etiam,AXR15SSK9MK,lacinia.orci@Integervulputaterisus.net,Jamalia Mcpherson,(475) 329-5605,497
ridiculus mus.,PJW91GER7HA,congue.a@acliberonec.com,Forrest Avery,(429) 878-7379,403
Morbi metus.,MBU29WSY4MR,nascetur.ridiculus@malesuadavel.ca,Doris Estrada,(348) 827-3724,374
feugiat. Sed,YMH33ADB3BA,at.pede.Cras@commodoauctor.edu,Aladdin Tyson,(969) 989-6560,462
"scelerisque, lorem",JXN94NSO9TU,aliquet@telluseuaugue.net,Kai Myers,(880) 401-1537,100
"aliquam iaculis,",UOW70SLA0ZF,nulla.Integer.vulputate@lacusvestibulum.org,Kylan Everett,(531) 842-7210,180
sed dui.,HOZ88HXL0SM,Suspendisse@tortor.net,Oliver Lewis,(473) 834-2368,359
dignissim. Maecenas,YCU51AMW6HD,elit@ProindolorNulla.com,Mohammad Talley,(830) 405-0435,383
dictum. Phasellus,VCT66NBV5GS,sem.magna@inceptos.net,Megan Hurst,(435) 630-9102,49
nec tempus,QFM32AHA2MM,sit.amet@auctor.org,Benjamin Oneil,(168) 694-4082,229
"euismod ac,",FPW39GHP3PP,ornare.lectus.justo@etnunc.net,Hollee Fulton,(302) 695-2756,161
tristique pharetra.,LFG32WLV9KP,fringilla.porttitor@euismodet.co.uk,Ursa Davis,(396) 495-4102,56
scelerisque mollis.,JKH65IUM2FG,lorem.vehicula@purusinmolestie.co.uk,Talon Mayer,(622) 484-1586,15
Nulla semper,JCI50ZGZ5GK,tempus@Nam.org,Wylie Suarez,(461) 569-7202,110
"cursus et,",IWF92JMT9OU,a@Crasdolor.org,Gray Castaneda,(297) 468-8235,180
sed orci,AAT68QCH2GI,feugiat.non.lobortis@imperdiet.ca,Jana Lambert,(325) 819-1907,167
auctor velit.,JOQ88CFU6SZ,eu@Quisque.com,Hanna Cummings,(150) 842-7342,295
placerat. Cras,TQT37YCU6ZM,diam.vel.arcu@vulputatelacusCras.edu,Hadassah Bradley,(780) 759-3420,93
dolor egestas,AVC71JKI0MR,accumsan.laoreet.ipsum@massalobortis.com,Megan Levine,(935) 477-0525,63
ante. Nunc,PMD38DIK5PN,arcu@odioNam.co.uk,Orli Carpenter,(188) 421-5309,361
Donec tincidunt.,VVL39IPN3EJ,parturient.montes.nascetur@egestas.org,Kylee Tate,(890) 672-0387,339
sed dictum,ZKH18TWJ6SF,fringilla@egetipsumSuspendisse.net,Madeline Valentine,(226) 563-0283,287
quis urna.,PDN93IZU0HU,orci@euduiCum.co.uk,Jana Durham,(674) 846-2578,318
commodo ipsum.,LNX23TLE6OC,vulputate.dui.nec@eros.net,Claire Shaffer,(236) 642-9516,207
"enim, gravida",DXV94XTU3VX,pede.Praesent@liberoduinec.edu,Rinah Lancaster,(487) 354-5039,141
"fermentum vel,",YPT25BUF9AK,eleifend@purusNullam.net,Hayes Crosby,(942) 168-5829,471
augue eu,NLB28XEW7KB,Nunc.ac@semper.org,Candice Armstrong,(399) 320-6655,444
"pede, malesuada",MFJ38REA1YJ,orci.consectetuer.euismod@orciluctus.co.uk,Wendy Byrd,(329) 191-9409,72
fringilla purus,SFL60LQV9SN,Mauris.magna.Duis@dictum.ca,Danielle Crosby,(583) 223-7435,339
ac urna.,UMC61XRY6IC,elit.pharetra.ut@auctorvitae.edu,Demetrius Berg,(908) 679-7962,36
"ac, eleifend",OTA42ERO2ZW,et.lacinia.vitae@pretiumneque.net,Jin Valentine,(405) 547-6588,02
non arcu.,TIR92RVV6DB,risus.Donec@cursus.com,Brenden Dixon,(553) 750-4151,39
"dictum eu,",EBF69KPF2UW,adipiscing.elit.Etiam@sempercursus.co.uk,Christine Thompson,(974) 798-2705,237
orci. Phasellus,RVY59HPR7CU,lectus.quis.massa@pharetraNamac.net,Ima Lyons,(927) 697-1373,240
Donec tincidunt.,IIO68QGS9NS,taciti.sociosqu.ad@quisurnaNunc.org,Clio Avery,(101) 674-6472,143
"nostra, per",CEW05YAB4HK,Nulla.dignissim.Maecenas@ipsumcursusvestibulum.ca,Caesar Talley,(224) 929-5270,51
Pellentesque ut,UOY20CRC4KG,enim@euneque.edu,Elmo Brooks,(679) 175-3170,375
ligula. Donec,CBT01ZDT7YC,non@pretium.net,Byron Bolton,(911) 731-5895,260
mollis. Phasellus,EYO65DLH0UZ,Ut.tincidunt.vehicula@volutpatNullafacilisis.org,Clementine Joseph,(234) 609-0917,315
"semper erat,",CMW17LJL6DZ,sapien.cursus.in@Duisatlacus.com,Ignatius Wall,(490) 210-3473,349
"vulputate dui,",YBN28MNH5NC,ut.odio.vel@auctorullamcorpernisl.ca,Shaeleigh Wilson,(444) 961-8693,453
lectus justo,GQR67FLE9NZ,ullamcorper@Duis.ca,Joshua Barber,(360) 111-2315,31
Phasellus libero,PEU72ODO6LX,ornare.In.faucibus@Sed.net,Joseph David,(665) 694-3984,415
"lorem, sit",KIM57ZBN0QU,diam.Pellentesque.habitant@nislQuisquefringilla.co.uk,Lacey Merritt,(964) 906-1942,292
penatibus et,JKO87OGT9UD,dictum@adipiscing.net,Nell Hernandez,(112) 335-4890,204
lorem fringilla,EHG68AAV5SG,scelerisque@sagittissemperNam.net,Katell Hendrix,(205) 602-7187,118
Aliquam nec,GYK71VKZ1LL,Nunc.mauris@venenatislacusEtiam.net,Chase Stevenson,(755) 583-4248,249
"ac, fermentum",IBF49WLY4WI,sapien.Nunc.pulvinar@nullaanteiaculis.net,Octavius Underwood,(226) 472-1691,83
tincidunt aliquam,ZWQ79BZM7IH,enim.Mauris.quis@est.org,Emily Delacruz,(842) 410-1438,311
"ut, sem.",WTU17EIM0WM,lacus.Nulla.tincidunt@duinecurna.com,Kermit Valdez,(442) 413-1017,421
urna. Nunc,HWS75PRJ8TF,Aliquam.gravida.mauris@Etiam.org,Eleanor Bray,(957) 849-3014,216
euismod enim.,CIF55ZRP3NQ,Morbi.metus@aduiCras.org,Hillary Butler,(127) 256-2431,05
"nibh enim,",HKL91WCM2YG,neque.non.quam@aliquetlibero.co.uk,Vielka Mercado,(891) 438-6463,45
tincidunt vehicula,UTZ64YPO8GS,turpis.egestas@Aliquam.ca,Hermione Young,(859) 825-5092,297
quam a,QKM26NSQ1OQ,Sed.auctor.odio@Fusce.co.uk,Marshall Aguirre,(689) 712-3093,39
molestie pharetra,RRE38FIN6JH,mi.fringilla@aliquetlobortis.org,Kevin Shaffer,(717) 105-3319,174
Nulla interdum.,VHR29QON4MB,fringilla.purus.mauris@erosNam.co.uk,Deanna Todd,(812) 906-6476,173
odio a,HFV44SPD5FB,sed.sem.egestas@natoquepenatibus.org,Christine Barnett,(373) 414-8368,110
Aliquam erat,ZNE47NJS1LB,nisl.elementum.purus@Proineget.ca,Hall Henson,(304) 541-6449,455
sed tortor.,RQX28SPC4KC,Phasellus.in.felis@varius.net,Wang Santos,(245) 820-3492,62
"dolor, tempus",UEZ50ONR2BH,Nunc.ut.erat@adipiscingenimmi.net,Zahir Schroeder,(412) 370-7160,289
at auctor,LNS79KOE6GY,laoreet@commodo.org,Theodore Oliver,(103) 298-5402,54
facilisi. Sed,CXO98JOA6QV,Nulla@ametnullaDonec.edu,Maryam Hooper,(584) 678-6058,13
"in, cursus",ZRA72DRN3SE,eu.eros@velitduisemper.org,Davis Lopez,(553) 899-5445,91
porttitor interdum.,PGW38VEH2QO,orci.adipiscing@fringillapurus.edu,Flynn Carson,(626) 495-2798,01
Proin dolor.,WXQ50GZG3BO,Sed.diam@Sedcongue.co.uk,Kelly Newton,(854) 488-3347,306
mollis. Duis,POG69NAR3KP,Aliquam.nec.enim@Donecnibhenim.co.uk,Brenna Shepard,(424) 420-4286,12
Vivamus nisi.,WBU89PIH8LA,rutrum@velitinaliquet.net,Cruz Morrison,(935) 350-4941,96
Mauris magna.,ZYD47EXS1SH,facilisis.facilisis.magna@eterosProin.com,Davis Wells,(633) 262-5079,70
magnis dis,XLN69IZU3EA,Suspendisse.non@egetipsumDonec.net,Carly Mann,(705) 563-6751,80
velit egestas,RDO12ALK1FU,vitae.aliquet@orci.com,Montana Allen,(324) 557-1429,194
"adipiscing, enim",VZV07IZX2LY,aliquet.molestie.tellus@pharetra.com,Renee Simmons,(337) 723-4189,291
"eget, dictum",WKT48ZFO7MU,Mauris.blandit.enim@vestibulumneque.ca,Thor Spencer,(951) 387-8316,128
Quisque tincidunt,IWC41EQV7IG,volutpat@Aliquamerat.edu,Fay Silva,(895) 675-1368,139
ornare egestas,HAU31ZTS9KC,Duis.ac.arcu@tristiquesenectuset.ca,Michael Knapp,(522) 863-1537,48
purus. Duis,FQL13IUM2AJ,odio.semper.cursus@Duisdignissimtempor.com,Sheila Leblanc,(185) 764-2802,209
